 * Serving Flask app 'app' (lazy loading)
 * Environment: production
   WARNING: This is a development server. Do not use it in a production deployment.
   Use a production WSGI server instead.
 * Debug mode: off
/n/home02/sverma/.conda/envs/webshop/lib/python3.8/site-packages/thefuzz/fuzz.py:11: UserWarning: Using slow pure-python SequenceMatcher. Install python-Levenshtein to remove this warning
  warnings.warn('Using slow pure-python SequenceMatcher. Install python-Levenshtein to remove this warning')
 * Running on all addresses (0.0.0.0)
   WARNING: This is a development server. Do not use it in a production deployment.
 * Running on http://127.0.0.1:3000
 * Running on http://10.31.143.63:3000 (Press CTRL+C to quit)
127.0.0.1 - - [29/Mar/2026 23:23:57] "[32mGET / HTTP/1.1[0m" 302 -
Products loaded.
Keys cleaned.
Attributes loaded.
  0%|          | 0/1000 [00:00<?, ?it/s]100%|██████████| 1000/1000 [00:00<00:00, 139470.75it/s]Skipped 0 wrong ASINs.
Skipped 0 no matching attributes.
[
    "Find me loose fit women's tops, tees & blouses with short sleeve, long sleeve with color: c2-blue, and size: medium, and price lower than 50.00 dollars",
    "Find me women's dresses with polyester spandex for daily wear with color: pink, and size: large, and price lower than 60.00 dollars",
    "Find me men's loafers & slip-ons with rubber outsole, rubber sole with color: brown, and size: 6.5, and price lower than 60.00 dollars",
    'Find me home office furniture sets for dining room, living room with color: taupe, and item shape: round, and size: 3 ft 7 in x 5 ft 2 in, and price lower than 
80.00 dollars',
    "Find me machine wash men's dress shirts with polyester heathers, heathers cotton, cotton heather, needle sleeve, classic fit with color: purple, and fit type: 
youth, and size: large, and price lower than 50.00 dollars",
    "Find me machine wash men's t-shirts with long sleeve with color: flag, and size: x-large tall, and price lower than 70.00 dollars",
    'Find me plant based, dairy free, gluten free breakfast foods with flavor name: chocolate (12-pack), and price lower than 80.00 dollars',
    "Find me loose fit women's shorts with elastic closure, faux fur with color: red, and size: medium, and price lower than 50.00 dollars",
    "Find me hand wash women's sweaters with long sleeve, stretch fabric, polyester spandex for teen girls, daily wear with color: xnj-tshirt333-black, and size: 
medium, and price lower than 40.00 dollars"
]
Number of products loaded: 1000
Example product keys: dict_keys(['name', 'full_description', 'pricing', 'images', 'product_category', 'average_rating', 'small_description', 'customization_options', 
'asin', 'category', 'query', 'page', 'Title', 'Description', 'Reviews', 'Rating', 'BulletPoints', 'Price', 'options', 'option_to_image', 'Attributes', 
'instruction_text', 'instruction_attributes', 'MainImage'])
Example product 'name': Vhomes Lights Reclaimed Wood Console Table The Genessis Collection Sofa-Tables
Example product 'full_description': Solid, Reclaimed Fir Wood In Natural, Sun Bleached Finish With Light Antiquing Glaze.

127.0.0.1 - - [29/Mar/2026 23:24:00] "GET /abc HTTP/1.1" 200 -
Number of products loaded: 1000
Example product keys: dict_keys(['name', 'full_description', 'pricing', 'images', 'product_category', 'average_rating', 'small_description', 'customization_options', 
'asin', 'category', 'query', 'page', 'Title', 'Description', 'Reviews', 'Rating', 'BulletPoints', 'Price', 'options', 'option_to_image', 'Attributes', 
'instruction_text', 'instruction_attributes', 'MainImage'])
Example product 'name': Vhomes Lights Reclaimed Wood Console Table The Genessis Collection Sofa-Tables
Example product 'full_description': Solid, Reclaimed Fir Wood In Natural, Sun Bleached Finish With Light Antiquing Glaze.
127.0.0.1 - - [29/Mar/2026 23:24:00] "GET /mc_eval_4_0 HTTP/1.1" 200 -
Number of products loaded: 1000
Example product keys: dict_keys(['name', 'full_description', 'pricing', 'images', 'product_category', 'average_rating', 'small_description', 'customization_options', 
'asin', 'category', 'query', 'page', 'Title', 'Description', 'Reviews', 'Rating', 'BulletPoints', 'Price', 'options', 'option_to_image', 'Attributes', 
'instruction_text', 'instruction_attributes', 'MainImage'])
Example product 'name': Vhomes Lights Reclaimed Wood Console Table The Genessis Collection Sofa-Tables
Example product 'full_description': Solid, Reclaimed Fir Wood In Natural, Sun Bleached Finish With Light Antiquing Glaze.
127.0.0.1 - - [29/Mar/2026 23:24:03] "GET /mc_eval_4_0 HTTP/1.1" 200 -
Number of products loaded: 1000
Example product keys: dict_keys(['name', 'full_description', 'pricing', 'images', 'product_category', 'average_rating', 'small_description', 'customization_options', 
'asin', 'category', 'query', 'page', 'Title', 'Description', 'Reviews', 'Rating', 'BulletPoints', 'Price', 'options', 'option_to_image', 'Attributes', 
'instruction_text', 'instruction_attributes', 'MainImage'])
Example product 'name': Vhomes Lights Reclaimed Wood Console Table The Genessis Collection Sofa-Tables
Example product 'full_description': Solid, Reclaimed Fir Wood In Natural, Sun Bleached Finish With Light Antiquing Glaze.
127.0.0.1 - - [29/Mar/2026 23:24:05] "GET /mc_eval_4_0 HTTP/1.1" 200 -
Number of products loaded: 1000
Example product keys: dict_keys(['name', 'full_description', 'pricing', 'images', 'product_category', 'average_rating', 'small_description', 'customization_options', 
'asin', 'category', 'query', 'page', 'Title', 'Description', 'Reviews', 'Rating', 'BulletPoints', 'Price', 'options', 'option_to_image', 'Attributes', 
'instruction_text', 'instruction_attributes', 'MainImage'])
Example product 'name': Vhomes Lights Reclaimed Wood Console Table The Genessis Collection Sofa-Tables
Example product 'full_description': Solid, Reclaimed Fir Wood In Natural, Sun Bleached Finish With Light Antiquing Glaze.
127.0.0.1 - - [29/Mar/2026 23:24:08] "GET /mc_eval_4_0 HTTP/1.1" 200 -
Number of products loaded: 1000
Example product keys: dict_keys(['name', 'full_description', 'pricing', 'images', 'product_category', 'average_rating', 'small_description', 'customization_options', 
'asin', 'category', 'query', 'page', 'Title', 'Description', 'Reviews', 'Rating', 'BulletPoints', 'Price', 'options', 'option_to_image', 'Attributes', 
'instruction_text', 'instruction_attributes', 'MainImage'])
Example product 'name': Vhomes Lights Reclaimed Wood Console Table The Genessis Collection Sofa-Tables
Example product 'full_description': Solid, Reclaimed Fir Wood In Natural, Sun Bleached Finish With Light Antiquing Glaze.
127.0.0.1 - - [29/Mar/2026 23:24:09] "GET /mc_eval_4_0 HTTP/1.1" 200 -
Number of products loaded: 1000
Example product keys: dict_keys(['name', 'full_description', 'pricing', 'images', 'product_category', 'average_rating', 'small_description', 'customization_options', 
'asin', 'category', 'query', 'page', 'Title', 'Description', 'Reviews', 'Rating', 'BulletPoints', 'Price', 'options', 'option_to_image', 'Attributes', 
'instruction_text', 'instruction_attributes', 'MainImage'])
Example product 'name': Vhomes Lights Reclaimed Wood Console Table The Genessis Collection Sofa-Tables
Example product 'full_description': Solid, Reclaimed Fir Wood In Natural, Sun Bleached Finish With Light Antiquing Glaze.
127.0.0.1 - - [29/Mar/2026 23:24:11] "GET /mc_eval_4_0 HTTP/1.1" 200 -
Number of products loaded: 1000
Example product keys: dict_keys(['name', 'full_description', 'pricing', 'images', 'product_category', 'average_rating', 'small_description', 'customization_options', 
'asin', 'category', 'query', 'page', 'Title', 'Description', 'Reviews', 'Rating', 'BulletPoints', 'Price', 'options', 'option_to_image', 'Attributes', 
'instruction_text', 'instruction_attributes', 'MainImage'])
Example product 'name': Vhomes Lights Reclaimed Wood Console Table The Genessis Collection Sofa-Tables
Example product 'full_description': Solid, Reclaimed Fir Wood In Natural, Sun Bleached Finish With Light Antiquing Glaze.
127.0.0.1 - - [29/Mar/2026 23:24:14] "GET /mc_eval_4_0 HTTP/1.1" 200 -
Number of products loaded: 1000
Example product keys: dict_keys(['name', 'full_description', 'pricing', 'images', 'product_category', 'average_rating', 'small_description', 'customization_options', 
'asin', 'category', 'query', 'page', 'Title', 'Description', 'Reviews', 'Rating', 'BulletPoints', 'Price', 'options', 'option_to_image', 'Attributes', 
'instruction_text', 'instruction_attributes', 'MainImage'])
Example product 'name': Vhomes Lights Reclaimed Wood Console Table The Genessis Collection Sofa-Tables
Example product 'full_description': Solid, Reclaimed Fir Wood In Natural, Sun Bleached Finish With Light Antiquing Glaze.
127.0.0.1 - - [29/Mar/2026 23:24:17] "GET /mc_eval_4_0 HTTP/1.1" 200 -
Number of products loaded: 1000
Example product keys: dict_keys(['name', 'full_description', 'pricing', 'images', 'product_category', 'average_rating', 'small_description', 'customization_options', 
'asin', 'category', 'query', 'page', 'Title', 'Description', 'Reviews', 'Rating', 'BulletPoints', 'Price', 'options', 'option_to_image', 'Attributes', 
'instruction_text', 'instruction_attributes', 'MainImage'])
Example product 'name': Vhomes Lights Reclaimed Wood Console Table The Genessis Collection Sofa-Tables
Example product 'full_description': Solid, Reclaimed Fir Wood In Natural, Sun Bleached Finish With Light Antiquing Glaze.
127.0.0.1 - - [29/Mar/2026 23:24:17] "GET /mc_eval_4_0 HTTP/1.1" 200 -
Number of products loaded: 1000
Example product keys: dict_keys(['name', 'full_description', 'pricing', 'images', 'product_category', 'average_rating', 'small_description', 'customization_options', 
'asin', 'category', 'query', 'page', 'Title', 'Description', 'Reviews', 'Rating', 'BulletPoints', 'Price', 'options', 'option_to_image', 'Attributes', 
'instruction_text', 'instruction_attributes', 'MainImage'])
Example product 'name': Vhomes Lights Reclaimed Wood Console Table The Genessis Collection Sofa-Tables
Example product 'full_description': Solid, Reclaimed Fir Wood In Natural, Sun Bleached Finish With Light Antiquing Glaze.
127.0.0.1 - - [29/Mar/2026 23:24:20] "GET /mc_eval_4_0 HTTP/1.1" 200 -
Number of products loaded: 1000
Example product keys: dict_keys(['name', 'full_description', 'pricing', 'images', 'product_category', 'average_rating', 'small_description', 'customization_options', 
'asin', 'category', 'query', 'page', 'Title', 'Description', 'Reviews', 'Rating', 'BulletPoints', 'Price', 'options', 'option_to_image', 'Attributes', 
'instruction_text', 'instruction_attributes', 'MainImage'])
Example product 'name': Vhomes Lights Reclaimed Wood Console Table The Genessis Collection Sofa-Tables
Example product 'full_description': Solid, Reclaimed Fir Wood In Natural, Sun Bleached Finish With Light Antiquing Glaze.
127.0.0.1 - - [29/Mar/2026 23:24:22] "GET /mc_eval_4_0 HTTP/1.1" 200 -
Number of products loaded: 1000
Example product keys: dict_keys(['name', 'full_description', 'pricing', 'images', 'product_category', 'average_rating', 'small_description', 'customization_options', 
'asin', 'category', 'query', 'page', 'Title', 'Description', 'Reviews', 'Rating', 'BulletPoints', 'Price', 'options', 'option_to_image', 'Attributes', 
'instruction_text', 'instruction_attributes', 'MainImage'])
Example product 'name': Vhomes Lights Reclaimed Wood Console Table The Genessis Collection Sofa-Tables
Example product 'full_description': Solid, Reclaimed Fir Wood In Natural, Sun Bleached Finish With Light Antiquing Glaze.
127.0.0.1 - - [29/Mar/2026 23:24:25] "GET /mc_eval_4_0 HTTP/1.1" 200 -
Number of products loaded: 1000
Example product keys: dict_keys(['name', 'full_description', 'pricing', 'images', 'product_category', 'average_rating', 'small_description', 'customization_options', 
'asin', 'category', 'query', 'page', 'Title', 'Description', 'Reviews', 'Rating', 'BulletPoints', 'Price', 'options', 'option_to_image', 'Attributes', 
'instruction_text', 'instruction_attributes', 'MainImage'])
Example product 'name': Vhomes Lights Reclaimed Wood Console Table The Genessis Collection Sofa-Tables
Example product 'full_description': Solid, Reclaimed Fir Wood In Natural, Sun Bleached Finish With Light Antiquing Glaze.
127.0.0.1 - - [29/Mar/2026 23:24:25] "GET /mc_eval_4_0 HTTP/1.1" 200 -
Number of products loaded: 1000
Example product keys: dict_keys(['name', 'full_description', 'pricing', 'images', 'product_category', 'average_rating', 'small_description', 'customization_options', 
'asin', 'category', 'query', 'page', 'Title', 'Description', 'Reviews', 'Rating', 'BulletPoints', 'Price', 'options', 'option_to_image', 'Attributes', 
'instruction_text', 'instruction_attributes', 'MainImage'])
Example product 'name': Vhomes Lights Reclaimed Wood Console Table The Genessis Collection Sofa-Tables
Example product 'full_description': Solid, Reclaimed Fir Wood In Natural, Sun Bleached Finish With Light Antiquing Glaze.
127.0.0.1 - - [29/Mar/2026 23:24:26] "GET /mc_eval_4_0 HTTP/1.1" 200 -
Number of products loaded: 1000
Example product keys: dict_keys(['name', 'full_description', 'pricing', 'images', 'product_category', 'average_rating', 'small_description', 'customization_options', 
'asin', 'category', 'query', 'page', 'Title', 'Description', 'Reviews', 'Rating', 'BulletPoints', 'Price', 'options', 'option_to_image', 'Attributes', 
'instruction_text', 'instruction_attributes', 'MainImage'])
Example product 'name': Vhomes Lights Reclaimed Wood Console Table The Genessis Collection Sofa-Tables
Example product 'full_description': Solid, Reclaimed Fir Wood In Natural, Sun Bleached Finish With Light Antiquing Glaze.
127.0.0.1 - - [29/Mar/2026 23:24:29] "GET /mc_eval_4_0 HTTP/1.1" 200 -
Number of products loaded: 1000
Example product keys: dict_keys(['name', 'full_description', 'pricing', 'images', 'product_category', 'average_rating', 'small_description', 'customization_options', 
'asin', 'category', 'query', 'page', 'Title', 'Description', 'Reviews', 'Rating', 'BulletPoints', 'Price', 'options', 'option_to_image', 'Attributes', 
'instruction_text', 'instruction_attributes', 'MainImage'])
Example product 'name': Vhomes Lights Reclaimed Wood Console Table The Genessis Collection Sofa-Tables
Example product 'full_description': Solid, Reclaimed Fir Wood In Natural, Sun Bleached Finish With Light Antiquing Glaze.
127.0.0.1 - - [29/Mar/2026 23:24:31] "GET /mc_eval_4_0 HTTP/1.1" 200 -
Number of products loaded: 1000
Example product keys: dict_keys(['name', 'full_description', 'pricing', 'images', 'product_category', 'average_rating', 'small_description', 'customization_options', 
'asin', 'category', 'query', 'page', 'Title', 'Description', 'Reviews', 'Rating', 'BulletPoints', 'Price', 'options', 'option_to_image', 'Attributes', 
'instruction_text', 'instruction_attributes', 'MainImage'])
Example product 'name': Vhomes Lights Reclaimed Wood Console Table The Genessis Collection Sofa-Tables
Example product 'full_description': Solid, Reclaimed Fir Wood In Natural, Sun Bleached Finish With Light Antiquing Glaze.
127.0.0.1 - - [29/Mar/2026 23:24:31] "GET /mc_eval_9_1 HTTP/1.1" 200 -
Number of products loaded: 1000
Example product keys: dict_keys(['name', 'full_description', 'pricing', 'images', 'product_category', 'average_rating', 'small_description', 'customization_options', 
'asin', 'category', 'query', 'page', 'Title', 'Description', 'Reviews', 'Rating', 'BulletPoints', 'Price', 'options', 'option_to_image', 'Attributes', 
'instruction_text', 'instruction_attributes', 'MainImage'])
Example product 'name': Vhomes Lights Reclaimed Wood Console Table The Genessis Collection Sofa-Tables
Example product 'full_description': Solid, Reclaimed Fir Wood In Natural, Sun Bleached Finish With Light Antiquing Glaze.
127.0.0.1 - - [29/Mar/2026 23:24:34] "GET /mc_eval_9_1 HTTP/1.1" 200 -
Number of products loaded: 1000
Example product keys: dict_keys(['name', 'full_description', 'pricing', 'images', 'product_category', 'average_rating', 'small_description', 'customization_options', 
'asin', 'category', 'query', 'page', 'Title', 'Description', 'Reviews', 'Rating', 'BulletPoints', 'Price', 'options', 'option_to_image', 'Attributes', 
'instruction_text', 'instruction_attributes', 'MainImage'])
Example product 'name': Vhomes Lights Reclaimed Wood Console Table The Genessis Collection Sofa-Tables
Example product 'full_description': Solid, Reclaimed Fir Wood In Natural, Sun Bleached Finish With Light Antiquing Glaze.
127.0.0.1 - - [29/Mar/2026 23:24:36] "GET /mc_eval_9_1 HTTP/1.1" 200 -
Number of products loaded: 1000
Example product keys: dict_keys(['name', 'full_description', 'pricing', 'images', 'product_category', 'average_rating', 'small_description', 'customization_options', 
'asin', 'category', 'query', 'page', 'Title', 'Description', 'Reviews', 'Rating', 'BulletPoints', 'Price', 'options', 'option_to_image', 'Attributes', 
'instruction_text', 'instruction_attributes', 'MainImage'])
Example product 'name': Vhomes Lights Reclaimed Wood Console Table The Genessis Collection Sofa-Tables
Example product 'full_description': Solid, Reclaimed Fir Wood In Natural, Sun Bleached Finish With Light Antiquing Glaze.
127.0.0.1 - - [29/Mar/2026 23:24:39] "GET /mc_eval_9_1 HTTP/1.1" 200 -
Number of products loaded: 1000
Example product keys: dict_keys(['name', 'full_description', 'pricing', 'images', 'product_category', 'average_rating', 'small_description', 'customization_options', 
'asin', 'category', 'query', 'page', 'Title', 'Description', 'Reviews', 'Rating', 'BulletPoints', 'Price', 'options', 'option_to_image', 'Attributes', 
'instruction_text', 'instruction_attributes', 'MainImage'])
Example product 'name': Vhomes Lights Reclaimed Wood Console Table The Genessis Collection Sofa-Tables
Example product 'full_description': Solid, Reclaimed Fir Wood In Natural, Sun Bleached Finish With Light Antiquing Glaze.
127.0.0.1 - - [29/Mar/2026 23:24:42] "GET /mc_eval_9_1 HTTP/1.1" 200 -
Number of products loaded: 1000
Example product keys: dict_keys(['name', 'full_description', 'pricing', 'images', 'product_category', 'average_rating', 'small_description', 'customization_options', 
'asin', 'category', 'query', 'page', 'Title', 'Description', 'Reviews', 'Rating', 'BulletPoints', 'Price', 'options', 'option_to_image', 'Attributes', 
'instruction_text', 'instruction_attributes', 'MainImage'])
Example product 'name': Vhomes Lights Reclaimed Wood Console Table The Genessis Collection Sofa-Tables
Example product 'full_description': Solid, Reclaimed Fir Wood In Natural, Sun Bleached Finish With Light Antiquing Glaze.
127.0.0.1 - - [29/Mar/2026 23:24:44] "GET /mc_eval_9_1 HTTP/1.1" 200 -
Number of products loaded: 1000
Example product keys: dict_keys(['name', 'full_description', 'pricing', 'images', 'product_category', 'average_rating', 'small_description', 'customization_options', 
'asin', 'category', 'query', 'page', 'Title', 'Description', 'Reviews', 'Rating', 'BulletPoints', 'Price', 'options', 'option_to_image', 'Attributes', 
'instruction_text', 'instruction_attributes', 'MainImage'])
Example product 'name': Vhomes Lights Reclaimed Wood Console Table The Genessis Collection Sofa-Tables
Example product 'full_description': Solid, Reclaimed Fir Wood In Natural, Sun Bleached Finish With Light Antiquing Glaze.
127.0.0.1 - - [29/Mar/2026 23:24:47] "GET /mc_eval_9_1 HTTP/1.1" 200 -
Number of products loaded: 1000
Example product keys: dict_keys(['name', 'full_description', 'pricing', 'images', 'product_category', 'average_rating', 'small_description', 'customization_options', 
'asin', 'category', 'query', 'page', 'Title', 'Description', 'Reviews', 'Rating', 'BulletPoints', 'Price', 'options', 'option_to_image', 'Attributes', 
'instruction_text', 'instruction_attributes', 'MainImage'])
Example product 'name': Vhomes Lights Reclaimed Wood Console Table The Genessis Collection Sofa-Tables
Example product 'full_description': Solid, Reclaimed Fir Wood In Natural, Sun Bleached Finish With Light Antiquing Glaze.
127.0.0.1 - - [29/Mar/2026 23:24:50] "GET /mc_eval_9_1 HTTP/1.1" 200 -
Number of products loaded: 1000
Example product keys: dict_keys(['name', 'full_description', 'pricing', 'images', 'product_category', 'average_rating', 'small_description', 'customization_options', 
'asin', 'category', 'query', 'page', 'Title', 'Description', 'Reviews', 'Rating', 'BulletPoints', 'Price', 'options', 'option_to_image', 'Attributes', 
'instruction_text', 'instruction_attributes', 'MainImage'])
Example product 'name': Vhomes Lights Reclaimed Wood Console Table The Genessis Collection Sofa-Tables
Example product 'full_description': Solid, Reclaimed Fir Wood In Natural, Sun Bleached Finish With Light Antiquing Glaze.
127.0.0.1 - - [29/Mar/2026 23:24:50] "GET /mc_eval_9_1 HTTP/1.1" 200 -
Number of products loaded: 1000
Example product keys: dict_keys(['name', 'full_description', 'pricing', 'images', 'product_category', 'average_rating', 'small_description', 'customization_options', 
'asin', 'category', 'query', 'page', 'Title', 'Description', 'Reviews', 'Rating', 'BulletPoints', 'Price', 'options', 'option_to_image', 'Attributes', 
'instruction_text', 'instruction_attributes', 'MainImage'])
Example product 'name': Vhomes Lights Reclaimed Wood Console Table The Genessis Collection Sofa-Tables
Example product 'full_description': Solid, Reclaimed Fir Wood In Natural, Sun Bleached Finish With Light Antiquing Glaze.
127.0.0.1 - - [29/Mar/2026 23:24:53] "GET /mc_eval_9_1 HTTP/1.1" 200 -
Number of products loaded: 1000
Example product keys: dict_keys(['name', 'full_description', 'pricing', 'images', 'product_category', 'average_rating', 'small_description', 'customization_options', 
'asin', 'category', 'query', 'page', 'Title', 'Description', 'Reviews', 'Rating', 'BulletPoints', 'Price', 'options', 'option_to_image', 'Attributes', 
'instruction_text', 'instruction_attributes', 'MainImage'])
Example product 'name': Vhomes Lights Reclaimed Wood Console Table The Genessis Collection Sofa-Tables
Example product 'full_description': Solid, Reclaimed Fir Wood In Natural, Sun Bleached Finish With Light Antiquing Glaze.
127.0.0.1 - - [29/Mar/2026 23:24:55] "GET /mc_eval_9_1 HTTP/1.1" 200 -
Number of products loaded: 1000
Example product keys: dict_keys(['name', 'full_description', 'pricing', 'images', 'product_category', 'average_rating', 'small_description', 'customization_options', 
'asin', 'category', 'query', 'page', 'Title', 'Description', 'Reviews', 'Rating', 'BulletPoints', 'Price', 'options', 'option_to_image', 'Attributes', 
'instruction_text', 'instruction_attributes', 'MainImage'])
Example product 'name': Vhomes Lights Reclaimed Wood Console Table The Genessis Collection Sofa-Tables
Example product 'full_description': Solid, Reclaimed Fir Wood In Natural, Sun Bleached Finish With Light Antiquing Glaze.
127.0.0.1 - - [29/Mar/2026 23:24:58] "GET /mc_eval_9_1 HTTP/1.1" 200 -
Number of products loaded: 1000
Example product keys: dict_keys(['name', 'full_description', 'pricing', 'images', 'product_category', 'average_rating', 'small_description', 'customization_options', 
'asin', 'category', 'query', 'page', 'Title', 'Description', 'Reviews', 'Rating', 'BulletPoints', 'Price', 'options', 'option_to_image', 'Attributes', 
'instruction_text', 'instruction_attributes', 'MainImage'])
Example product 'name': Vhomes Lights Reclaimed Wood Console Table The Genessis Collection Sofa-Tables
Example product 'full_description': Solid, Reclaimed Fir Wood In Natural, Sun Bleached Finish With Light Antiquing Glaze.
127.0.0.1 - - [29/Mar/2026 23:25:01] "GET /mc_eval_9_1 HTTP/1.1" 200 -
Number of products loaded: 1000
Example product keys: dict_keys(['name', 'full_description', 'pricing', 'images', 'product_category', 'average_rating', 'small_description', 'customization_options', 
'asin', 'category', 'query', 'page', 'Title', 'Description', 'Reviews', 'Rating', 'BulletPoints', 'Price', 'options', 'option_to_image', 'Attributes', 
'instruction_text', 'instruction_attributes', 'MainImage'])
Example product 'name': Vhomes Lights Reclaimed Wood Console Table The Genessis Collection Sofa-Tables
Example product 'full_description': Solid, Reclaimed Fir Wood In Natural, Sun Bleached Finish With Light Antiquing Glaze.
127.0.0.1 - - [29/Mar/2026 23:25:03] "GET /mc_eval_9_1 HTTP/1.1" 200 -
Number of products loaded: 1000
Example product keys: dict_keys(['name', 'full_description', 'pricing', 'images', 'product_category', 'average_rating', 'small_description', 'customization_options', 
'asin', 'category', 'query', 'page', 'Title', 'Description', 'Reviews', 'Rating', 'BulletPoints', 'Price', 'options', 'option_to_image', 'Attributes', 
'instruction_text', 'instruction_attributes', 'MainImage'])
Example product 'name': Vhomes Lights Reclaimed Wood Console Table The Genessis Collection Sofa-Tables
Example product 'full_description': Solid, Reclaimed Fir Wood In Natural, Sun Bleached Finish With Light Antiquing Glaze.
127.0.0.1 - - [29/Mar/2026 23:25:06] "GET /mc_eval_9_1 HTTP/1.1" 200 -
Number of products loaded: 1000
Example product keys: dict_keys(['name', 'full_description', 'pricing', 'images', 'product_category', 'average_rating', 'small_description', 'customization_options', 
'asin', 'category', 'query', 'page', 'Title', 'Description', 'Reviews', 'Rating', 'BulletPoints', 'Price', 'options', 'option_to_image', 'Attributes', 
'instruction_text', 'instruction_attributes', 'MainImage'])
Example product 'name': Vhomes Lights Reclaimed Wood Console Table The Genessis Collection Sofa-Tables
Example product 'full_description': Solid, Reclaimed Fir Wood In Natural, Sun Bleached Finish With Light Antiquing Glaze.
127.0.0.1 - - [29/Mar/2026 23:25:08] "GET /mc_eval_9_1 HTTP/1.1" 200 -
Number of products loaded: 1000
Example product keys: dict_keys(['name', 'full_description', 'pricing', 'images', 'product_category', 'average_rating', 'small_description', 'customization_options', 
'asin', 'category', 'query', 'page', 'Title', 'Description', 'Reviews', 'Rating', 'BulletPoints', 'Price', 'options', 'option_to_image', 'Attributes', 
'instruction_text', 'instruction_attributes', 'MainImage'])
Example product 'name': Vhomes Lights Reclaimed Wood Console Table The Genessis Collection Sofa-Tables
Example product 'full_description': Solid, Reclaimed Fir Wood In Natural, Sun Bleached Finish With Light Antiquing Glaze.
127.0.0.1 - - [29/Mar/2026 23:25:08] "GET /mc_eval_12_2 HTTP/1.1" 200 -
Number of products loaded: 1000
Example product keys: dict_keys(['name', 'full_description', 'pricing', 'images', 'product_category', 'average_rating', 'small_description', 'customization_options', 
'asin', 'category', 'query', 'page', 'Title', 'Description', 'Reviews', 'Rating', 'BulletPoints', 'Price', 'options', 'option_to_image', 'Attributes', 
'instruction_text', 'instruction_attributes', 'MainImage'])
Example product 'name': Vhomes Lights Reclaimed Wood Console Table The Genessis Collection Sofa-Tables
Example product 'full_description': Solid, Reclaimed Fir Wood In Natural, Sun Bleached Finish With Light Antiquing Glaze.
127.0.0.1 - - [29/Mar/2026 23:25:11] "GET /mc_eval_12_2 HTTP/1.1" 200 -
Number of products loaded: 1000
Example product keys: dict_keys(['name', 'full_description', 'pricing', 'images', 'product_category', 'average_rating', 'small_description', 'customization_options', 
'asin', 'category', 'query', 'page', 'Title', 'Description', 'Reviews', 'Rating', 'BulletPoints', 'Price', 'options', 'option_to_image', 'Attributes', 
'instruction_text', 'instruction_attributes', 'MainImage'])
Example product 'name': Vhomes Lights Reclaimed Wood Console Table The Genessis Collection Sofa-Tables
Example product 'full_description': Solid, Reclaimed Fir Wood In Natural, Sun Bleached Finish With Light Antiquing Glaze.
127.0.0.1 - - [29/Mar/2026 23:25:12] "GET /mc_eval_12_2 HTTP/1.1" 200 -
Number of products loaded: 1000
Example product keys: dict_keys(['name', 'full_description', 'pricing', 'images', 'product_category', 'average_rating', 'small_description', 'customization_options', 
'asin', 'category', 'query', 'page', 'Title', 'Description', 'Reviews', 'Rating', 'BulletPoints', 'Price', 'options', 'option_to_image', 'Attributes', 
'instruction_text', 'instruction_attributes', 'MainImage'])
Example product 'name': Vhomes Lights Reclaimed Wood Console Table The Genessis Collection Sofa-Tables
Example product 'full_description': Solid, Reclaimed Fir Wood In Natural, Sun Bleached Finish With Light Antiquing Glaze.
127.0.0.1 - - [29/Mar/2026 23:25:15] "GET /mc_eval_12_2 HTTP/1.1" 200 -
Number of products loaded: 1000
Example product keys: dict_keys(['name', 'full_description', 'pricing', 'images', 'product_category', 'average_rating', 'small_description', 'customization_options', 
'asin', 'category', 'query', 'page', 'Title', 'Description', 'Reviews', 'Rating', 'BulletPoints', 'Price', 'options', 'option_to_image', 'Attributes', 
'instruction_text', 'instruction_attributes', 'MainImage'])
Example product 'name': Vhomes Lights Reclaimed Wood Console Table The Genessis Collection Sofa-Tables
Example product 'full_description': Solid, Reclaimed Fir Wood In Natural, Sun Bleached Finish With Light Antiquing Glaze.
127.0.0.1 - - [29/Mar/2026 23:25:15] "GET /mc_eval_12_2 HTTP/1.1" 200 -
Number of products loaded: 1000
Example product keys: dict_keys(['name', 'full_description', 'pricing', 'images', 'product_category', 'average_rating', 'small_description', 'customization_options', 
'asin', 'category', 'query', 'page', 'Title', 'Description', 'Reviews', 'Rating', 'BulletPoints', 'Price', 'options', 'option_to_image', 'Attributes', 
'instruction_text', 'instruction_attributes', 'MainImage'])
Example product 'name': Vhomes Lights Reclaimed Wood Console Table The Genessis Collection Sofa-Tables
Example product 'full_description': Solid, Reclaimed Fir Wood In Natural, Sun Bleached Finish With Light Antiquing Glaze.
127.0.0.1 - - [29/Mar/2026 23:25:18] "GET /mc_eval_12_2 HTTP/1.1" 200 -
Number of products loaded: 1000
Example product keys: dict_keys(['name', 'full_description', 'pricing', 'images', 'product_category', 'average_rating', 'small_description', 'customization_options', 
'asin', 'category', 'query', 'page', 'Title', 'Description', 'Reviews', 'Rating', 'BulletPoints', 'Price', 'options', 'option_to_image', 'Attributes', 
'instruction_text', 'instruction_attributes', 'MainImage'])
Example product 'name': Vhomes Lights Reclaimed Wood Console Table The Genessis Collection Sofa-Tables
Example product 'full_description': Solid, Reclaimed Fir Wood In Natural, Sun Bleached Finish With Light Antiquing Glaze.
127.0.0.1 - - [29/Mar/2026 23:25:20] "GET /mc_eval_12_2 HTTP/1.1" 200 -
Number of products loaded: 1000
Example product keys: dict_keys(['name', 'full_description', 'pricing', 'images', 'product_category', 'average_rating', 'small_description', 'customization_options', 
'asin', 'category', 'query', 'page', 'Title', 'Description', 'Reviews', 'Rating', 'BulletPoints', 'Price', 'options', 'option_to_image', 'Attributes', 
'instruction_text', 'instruction_attributes', 'MainImage'])
Example product 'name': Vhomes Lights Reclaimed Wood Console Table The Genessis Collection Sofa-Tables
Example product 'full_description': Solid, Reclaimed Fir Wood In Natural, Sun Bleached Finish With Light Antiquing Glaze.
127.0.0.1 - - [29/Mar/2026 23:25:23] "GET /mc_eval_12_2 HTTP/1.1" 200 -
Number of products loaded: 1000
Example product keys: dict_keys(['name', 'full_description', 'pricing', 'images', 'product_category', 'average_rating', 'small_description', 'customization_options', 
'asin', 'category', 'query', 'page', 'Title', 'Description', 'Reviews', 'Rating', 'BulletPoints', 'Price', 'options', 'option_to_image', 'Attributes', 
'instruction_text', 'instruction_attributes', 'MainImage'])
Example product 'name': Vhomes Lights Reclaimed Wood Console Table The Genessis Collection Sofa-Tables
Example product 'full_description': Solid, Reclaimed Fir Wood In Natural, Sun Bleached Finish With Light Antiquing Glaze.
127.0.0.1 - - [29/Mar/2026 23:25:26] "GET /mc_eval_12_2 HTTP/1.1" 200 -
Number of products loaded: 1000
Example product keys: dict_keys(['name', 'full_description', 'pricing', 'images', 'product_category', 'average_rating', 'small_description', 'customization_options', 
'asin', 'category', 'query', 'page', 'Title', 'Description', 'Reviews', 'Rating', 'BulletPoints', 'Price', 'options', 'option_to_image', 'Attributes', 
'instruction_text', 'instruction_attributes', 'MainImage'])
Example product 'name': Vhomes Lights Reclaimed Wood Console Table The Genessis Collection Sofa-Tables
Example product 'full_description': Solid, Reclaimed Fir Wood In Natural, Sun Bleached Finish With Light Antiquing Glaze.
127.0.0.1 - - [29/Mar/2026 23:25:26] "GET /mc_eval_12_2 HTTP/1.1" 200 -
Number of products loaded: 1000
Example product keys: dict_keys(['name', 'full_description', 'pricing', 'images', 'product_category', 'average_rating', 'small_description', 'customization_options', 
'asin', 'category', 'query', 'page', 'Title', 'Description', 'Reviews', 'Rating', 'BulletPoints', 'Price', 'options', 'option_to_image', 'Attributes', 
'instruction_text', 'instruction_attributes', 'MainImage'])
Example product 'name': Vhomes Lights Reclaimed Wood Console Table The Genessis Collection Sofa-Tables
Example product 'full_description': Solid, Reclaimed Fir Wood In Natural, Sun Bleached Finish With Light Antiquing Glaze.
127.0.0.1 - - [29/Mar/2026 23:25:29] "GET /mc_eval_12_2 HTTP/1.1" 200 -
Number of products loaded: 1000
Example product keys: dict_keys(['name', 'full_description', 'pricing', 'images', 'product_category', 'average_rating', 'small_description', 'customization_options', 
'asin', 'category', 'query', 'page', 'Title', 'Description', 'Reviews', 'Rating', 'BulletPoints', 'Price', 'options', 'option_to_image', 'Attributes', 
'instruction_text', 'instruction_attributes', 'MainImage'])
Example product 'name': Vhomes Lights Reclaimed Wood Console Table The Genessis Collection Sofa-Tables
Example product 'full_description': Solid, Reclaimed Fir Wood In Natural, Sun Bleached Finish With Light Antiquing Glaze.
127.0.0.1 - - [29/Mar/2026 23:25:31] "GET /mc_eval_12_2 HTTP/1.1" 200 -
Number of products loaded: 1000
Example product keys: dict_keys(['name', 'full_description', 'pricing', 'images', 'product_category', 'average_rating', 'small_description', 'customization_options', 
'asin', 'category', 'query', 'page', 'Title', 'Description', 'Reviews', 'Rating', 'BulletPoints', 'Price', 'options', 'option_to_image', 'Attributes', 
'instruction_text', 'instruction_attributes', 'MainImage'])
Example product 'name': Vhomes Lights Reclaimed Wood Console Table The Genessis Collection Sofa-Tables
Example product 'full_description': Solid, Reclaimed Fir Wood In Natural, Sun Bleached Finish With Light Antiquing Glaze.
127.0.0.1 - - [29/Mar/2026 23:25:34] "GET /mc_eval_12_2 HTTP/1.1" 200 -
Number of products loaded: 1000
Example product keys: dict_keys(['name', 'full_description', 'pricing', 'images', 'product_category', 'average_rating', 'small_description', 'customization_options', 
'asin', 'category', 'query', 'page', 'Title', 'Description', 'Reviews', 'Rating', 'BulletPoints', 'Price', 'options', 'option_to_image', 'Attributes', 
'instruction_text', 'instruction_attributes', 'MainImage'])
Example product 'name': Vhomes Lights Reclaimed Wood Console Table The Genessis Collection Sofa-Tables
Example product 'full_description': Solid, Reclaimed Fir Wood In Natural, Sun Bleached Finish With Light Antiquing Glaze.
127.0.0.1 - - [29/Mar/2026 23:25:37] "GET /mc_eval_12_2 HTTP/1.1" 200 -
Number of products loaded: 1000
Example product keys: dict_keys(['name', 'full_description', 'pricing', 'images', 'product_category', 'average_rating', 'small_description', 'customization_options', 
'asin', 'category', 'query', 'page', 'Title', 'Description', 'Reviews', 'Rating', 'BulletPoints', 'Price', 'options', 'option_to_image', 'Attributes', 
'instruction_text', 'instruction_attributes', 'MainImage'])
Example product 'name': Vhomes Lights Reclaimed Wood Console Table The Genessis Collection Sofa-Tables
Example product 'full_description': Solid, Reclaimed Fir Wood In Natural, Sun Bleached Finish With Light Antiquing Glaze.
127.0.0.1 - - [29/Mar/2026 23:25:39] "GET /mc_eval_12_2 HTTP/1.1" 200 -
Number of products loaded: 1000
Example product keys: dict_keys(['name', 'full_description', 'pricing', 'images', 'product_category', 'average_rating', 'small_description', 'customization_options', 
'asin', 'category', 'query', 'page', 'Title', 'Description', 'Reviews', 'Rating', 'BulletPoints', 'Price', 'options', 'option_to_image', 'Attributes', 
'instruction_text', 'instruction_attributes', 'MainImage'])
Example product 'name': Vhomes Lights Reclaimed Wood Console Table The Genessis Collection Sofa-Tables
Example product 'full_description': Solid, Reclaimed Fir Wood In Natural, Sun Bleached Finish With Light Antiquing Glaze.
127.0.0.1 - - [29/Mar/2026 23:25:42] "GET /mc_eval_12_2 HTTP/1.1" 200 -
Number of products loaded: 1000
Example product keys: dict_keys(['name', 'full_description', 'pricing', 'images', 'product_category', 'average_rating', 'small_description', 'customization_options', 
'asin', 'category', 'query', 'page', 'Title', 'Description', 'Reviews', 'Rating', 'BulletPoints', 'Price', 'options', 'option_to_image', 'Attributes', 
'instruction_text', 'instruction_attributes', 'MainImage'])
Example product 'name': Vhomes Lights Reclaimed Wood Console Table The Genessis Collection Sofa-Tables
Example product 'full_description': Solid, Reclaimed Fir Wood In Natural, Sun Bleached Finish With Light Antiquing Glaze.
127.0.0.1 - - [29/Mar/2026 23:25:42] "GET /mc_eval_39_3 HTTP/1.1" 200 -
Number of products loaded: 1000
Example product keys: dict_keys(['name', 'full_description', 'pricing', 'images', 'product_category', 'average_rating', 'small_description', 'customization_options', 
'asin', 'category', 'query', 'page', 'Title', 'Description', 'Reviews', 'Rating', 'BulletPoints', 'Price', 'options', 'option_to_image', 'Attributes', 
'instruction_text', 'instruction_attributes', 'MainImage'])
Example product 'name': Vhomes Lights Reclaimed Wood Console Table The Genessis Collection Sofa-Tables
Example product 'full_description': Solid, Reclaimed Fir Wood In Natural, Sun Bleached Finish With Light Antiquing Glaze.
127.0.0.1 - - [29/Mar/2026 23:25:44] "GET /mc_eval_39_3 HTTP/1.1" 200 -
Number of products loaded: 1000
Example product keys: dict_keys(['name', 'full_description', 'pricing', 'images', 'product_category', 'average_rating', 'small_description', 'customization_options', 
'asin', 'category', 'query', 'page', 'Title', 'Description', 'Reviews', 'Rating', 'BulletPoints', 'Price', 'options', 'option_to_image', 'Attributes', 
'instruction_text', 'instruction_attributes', 'MainImage'])
Example product 'name': Vhomes Lights Reclaimed Wood Console Table The Genessis Collection Sofa-Tables
Example product 'full_description': Solid, Reclaimed Fir Wood In Natural, Sun Bleached Finish With Light Antiquing Glaze.
127.0.0.1 - - [29/Mar/2026 23:25:46] "GET /mc_eval_39_3 HTTP/1.1" 200 -
Number of products loaded: 1000
Example product keys: dict_keys(['name', 'full_description', 'pricing', 'images', 'product_category', 'average_rating', 'small_description', 'customization_options', 
'asin', 'category', 'query', 'page', 'Title', 'Description', 'Reviews', 'Rating', 'BulletPoints', 'Price', 'options', 'option_to_image', 'Attributes', 
'instruction_text', 'instruction_attributes', 'MainImage'])
Example product 'name': Vhomes Lights Reclaimed Wood Console Table The Genessis Collection Sofa-Tables
Example product 'full_description': Solid, Reclaimed Fir Wood In Natural, Sun Bleached Finish With Light Antiquing Glaze.
127.0.0.1 - - [29/Mar/2026 23:25:48] "GET /mc_eval_39_3 HTTP/1.1" 200 -
Number of products loaded: 1000
Example product keys: dict_keys(['name', 'full_description', 'pricing', 'images', 'product_category', 'average_rating', 'small_description', 'customization_options', 
'asin', 'category', 'query', 'page', 'Title', 'Description', 'Reviews', 'Rating', 'BulletPoints', 'Price', 'options', 'option_to_image', 'Attributes', 
'instruction_text', 'instruction_attributes', 'MainImage'])
Example product 'name': Vhomes Lights Reclaimed Wood Console Table The Genessis Collection Sofa-Tables
Example product 'full_description': Solid, Reclaimed Fir Wood In Natural, Sun Bleached Finish With Light Antiquing Glaze.
127.0.0.1 - - [29/Mar/2026 23:25:51] "GET /mc_eval_39_3 HTTP/1.1" 200 -
Number of products loaded: 1000
Example product keys: dict_keys(['name', 'full_description', 'pricing', 'images', 'product_category', 'average_rating', 'small_description', 'customization_options', 
'asin', 'category', 'query', 'page', 'Title', 'Description', 'Reviews', 'Rating', 'BulletPoints', 'Price', 'options', 'option_to_image', 'Attributes', 
'instruction_text', 'instruction_attributes', 'MainImage'])
Example product 'name': Vhomes Lights Reclaimed Wood Console Table The Genessis Collection Sofa-Tables
Example product 'full_description': Solid, Reclaimed Fir Wood In Natural, Sun Bleached Finish With Light Antiquing Glaze.
127.0.0.1 - - [29/Mar/2026 23:25:53] "GET /mc_eval_39_3 HTTP/1.1" 200 -
Number of products loaded: 1000
Example product keys: dict_keys(['name', 'full_description', 'pricing', 'images', 'product_category', 'average_rating', 'small_description', 'customization_options', 
'asin', 'category', 'query', 'page', 'Title', 'Description', 'Reviews', 'Rating', 'BulletPoints', 'Price', 'options', 'option_to_image', 'Attributes', 
'instruction_text', 'instruction_attributes', 'MainImage'])
Example product 'name': Vhomes Lights Reclaimed Wood Console Table The Genessis Collection Sofa-Tables
Example product 'full_description': Solid, Reclaimed Fir Wood In Natural, Sun Bleached Finish With Light Antiquing Glaze.
127.0.0.1 - - [29/Mar/2026 23:25:55] "GET /mc_eval_39_3 HTTP/1.1" 200 -
Number of products loaded: 1000
Example product keys: dict_keys(['name', 'full_description', 'pricing', 'images', 'product_category', 'average_rating', 'small_description', 'customization_options', 
'asin', 'category', 'query', 'page', 'Title', 'Description', 'Reviews', 'Rating', 'BulletPoints', 'Price', 'options', 'option_to_image', 'Attributes', 
'instruction_text', 'instruction_attributes', 'MainImage'])
Example product 'name': Vhomes Lights Reclaimed Wood Console Table The Genessis Collection Sofa-Tables
Example product 'full_description': Solid, Reclaimed Fir Wood In Natural, Sun Bleached Finish With Light Antiquing Glaze.
127.0.0.1 - - [29/Mar/2026 23:25:58] "GET /mc_eval_39_3 HTTP/1.1" 200 -
Number of products loaded: 1000
Example product keys: dict_keys(['name', 'full_description', 'pricing', 'images', 'product_category', 'average_rating', 'small_description', 'customization_options', 
'asin', 'category', 'query', 'page', 'Title', 'Description', 'Reviews', 'Rating', 'BulletPoints', 'Price', 'options', 'option_to_image', 'Attributes', 
'instruction_text', 'instruction_attributes', 'MainImage'])
Example product 'name': Vhomes Lights Reclaimed Wood Console Table The Genessis Collection Sofa-Tables
Example product 'full_description': Solid, Reclaimed Fir Wood In Natural, Sun Bleached Finish With Light Antiquing Glaze.
127.0.0.1 - - [29/Mar/2026 23:25:58] "GET /mc_eval_39_3 HTTP/1.1" 200 -
Number of products loaded: 1000
Example product keys: dict_keys(['name', 'full_description', 'pricing', 'images', 'product_category', 'average_rating', 'small_description', 'customization_options', 
'asin', 'category', 'query', 'page', 'Title', 'Description', 'Reviews', 'Rating', 'BulletPoints', 'Price', 'options', 'option_to_image', 'Attributes', 
'instruction_text', 'instruction_attributes', 'MainImage'])
Example product 'name': Vhomes Lights Reclaimed Wood Console Table The Genessis Collection Sofa-Tables
Example product 'full_description': Solid, Reclaimed Fir Wood In Natural, Sun Bleached Finish With Light Antiquing Glaze.
127.0.0.1 - - [29/Mar/2026 23:26:01] "GET /mc_eval_39_3 HTTP/1.1" 200 -
Number of products loaded: 1000
Example product keys: dict_keys(['name', 'full_description', 'pricing', 'images', 'product_category', 'average_rating', 'small_description', 'customization_options', 
'asin', 'category', 'query', 'page', 'Title', 'Description', 'Reviews', 'Rating', 'BulletPoints', 'Price', 'options', 'option_to_image', 'Attributes', 
'instruction_text', 'instruction_attributes', 'MainImage'])
Example product 'name': Vhomes Lights Reclaimed Wood Console Table The Genessis Collection Sofa-Tables
Example product 'full_description': Solid, Reclaimed Fir Wood In Natural, Sun Bleached Finish With Light Antiquing Glaze.
127.0.0.1 - - [29/Mar/2026 23:26:04] "GET /mc_eval_39_3 HTTP/1.1" 200 -
Number of products loaded: 1000
Example product keys: dict_keys(['name', 'full_description', 'pricing', 'images', 'product_category', 'average_rating', 'small_description', 'customization_options', 
'asin', 'category', 'query', 'page', 'Title', 'Description', 'Reviews', 'Rating', 'BulletPoints', 'Price', 'options', 'option_to_image', 'Attributes', 
'instruction_text', 'instruction_attributes', 'MainImage'])
Example product 'name': Vhomes Lights Reclaimed Wood Console Table The Genessis Collection Sofa-Tables
Example product 'full_description': Solid, Reclaimed Fir Wood In Natural, Sun Bleached Finish With Light Antiquing Glaze.
127.0.0.1 - - [29/Mar/2026 23:26:06] "GET /mc_eval_39_3 HTTP/1.1" 200 -
Number of products loaded: 1000
Example product keys: dict_keys(['name', 'full_description', 'pricing', 'images', 'product_category', 'average_rating', 'small_description', 'customization_options', 
'asin', 'category', 'query', 'page', 'Title', 'Description', 'Reviews', 'Rating', 'BulletPoints', 'Price', 'options', 'option_to_image', 'Attributes', 
'instruction_text', 'instruction_attributes', 'MainImage'])
Example product 'name': Vhomes Lights Reclaimed Wood Console Table The Genessis Collection Sofa-Tables
Example product 'full_description': Solid, Reclaimed Fir Wood In Natural, Sun Bleached Finish With Light Antiquing Glaze.
127.0.0.1 - - [29/Mar/2026 23:26:09] "GET /mc_eval_39_3 HTTP/1.1" 200 -
Number of products loaded: 1000
Example product keys: dict_keys(['name', 'full_description', 'pricing', 'images', 'product_category', 'average_rating', 'small_description', 'customization_options', 
'asin', 'category', 'query', 'page', 'Title', 'Description', 'Reviews', 'Rating', 'BulletPoints', 'Price', 'options', 'option_to_image', 'Attributes', 
'instruction_text', 'instruction_attributes', 'MainImage'])
Example product 'name': Vhomes Lights Reclaimed Wood Console Table The Genessis Collection Sofa-Tables
Example product 'full_description': Solid, Reclaimed Fir Wood In Natural, Sun Bleached Finish With Light Antiquing Glaze.
127.0.0.1 - - [29/Mar/2026 23:26:12] "GET /mc_eval_39_3 HTTP/1.1" 200 -
Number of products loaded: 1000
Example product keys: dict_keys(['name', 'full_description', 'pricing', 'images', 'product_category', 'average_rating', 'small_description', 'customization_options', 
'asin', 'category', 'query', 'page', 'Title', 'Description', 'Reviews', 'Rating', 'BulletPoints', 'Price', 'options', 'option_to_image', 'Attributes', 
'instruction_text', 'instruction_attributes', 'MainImage'])
Example product 'name': Vhomes Lights Reclaimed Wood Console Table The Genessis Collection Sofa-Tables
Example product 'full_description': Solid, Reclaimed Fir Wood In Natural, Sun Bleached Finish With Light Antiquing Glaze.
127.0.0.1 - - [29/Mar/2026 23:26:14] "GET /mc_eval_39_3 HTTP/1.1" 200 -
Number of products loaded: 1000
Example product keys: dict_keys(['name', 'full_description', 'pricing', 'images', 'product_category', 'average_rating', 'small_description', 'customization_options', 
'asin', 'category', 'query', 'page', 'Title', 'Description', 'Reviews', 'Rating', 'BulletPoints', 'Price', 'options', 'option_to_image', 'Attributes', 
'instruction_text', 'instruction_attributes', 'MainImage'])
Example product 'name': Vhomes Lights Reclaimed Wood Console Table The Genessis Collection Sofa-Tables
Example product 'full_description': Solid, Reclaimed Fir Wood In Natural, Sun Bleached Finish With Light Antiquing Glaze.
127.0.0.1 - - [29/Mar/2026 23:26:17] "GET /mc_eval_39_3 HTTP/1.1" 200 -
Number of products loaded: 1000
Example product keys: dict_keys(['name', 'full_description', 'pricing', 'images', 'product_category', 'average_rating', 'small_description', 'customization_options', 
'asin', 'category', 'query', 'page', 'Title', 'Description', 'Reviews', 'Rating', 'BulletPoints', 'Price', 'options', 'option_to_image', 'Attributes', 
'instruction_text', 'instruction_attributes', 'MainImage'])
Example product 'name': Vhomes Lights Reclaimed Wood Console Table The Genessis Collection Sofa-Tables
Example product 'full_description': Solid, Reclaimed Fir Wood In Natural, Sun Bleached Finish With Light Antiquing Glaze.
127.0.0.1 - - [29/Mar/2026 23:26:17] "GET /mc_eval_51_4 HTTP/1.1" 200 -
Number of products loaded: 1000
Example product keys: dict_keys(['name', 'full_description', 'pricing', 'images', 'product_category', 'average_rating', 'small_description', 'customization_options', 
'asin', 'category', 'query', 'page', 'Title', 'Description', 'Reviews', 'Rating', 'BulletPoints', 'Price', 'options', 'option_to_image', 'Attributes', 
'instruction_text', 'instruction_attributes', 'MainImage'])
Example product 'name': Vhomes Lights Reclaimed Wood Console Table The Genessis Collection Sofa-Tables
Example product 'full_description': Solid, Reclaimed Fir Wood In Natural, Sun Bleached Finish With Light Antiquing Glaze.
127.0.0.1 - - [29/Mar/2026 23:26:19] "GET /mc_eval_51_4 HTTP/1.1" 200 -
Number of products loaded: 1000
Example product keys: dict_keys(['name', 'full_description', 'pricing', 'images', 'product_category', 'average_rating', 'small_description', 'customization_options', 
'asin', 'category', 'query', 'page', 'Title', 'Description', 'Reviews', 'Rating', 'BulletPoints', 'Price', 'options', 'option_to_image', 'Attributes', 
'instruction_text', 'instruction_attributes', 'MainImage'])
Example product 'name': Vhomes Lights Reclaimed Wood Console Table The Genessis Collection Sofa-Tables
Example product 'full_description': Solid, Reclaimed Fir Wood In Natural, Sun Bleached Finish With Light Antiquing Glaze.
127.0.0.1 - - [29/Mar/2026 23:26:20] "GET /mc_eval_51_4 HTTP/1.1" 200 -
Number of products loaded: 1000
Example product keys: dict_keys(['name', 'full_description', 'pricing', 'images', 'product_category', 'average_rating', 'small_description', 'customization_options', 
'asin', 'category', 'query', 'page', 'Title', 'Description', 'Reviews', 'Rating', 'BulletPoints', 'Price', 'options', 'option_to_image', 'Attributes', 
'instruction_text', 'instruction_attributes', 'MainImage'])
Example product 'name': Vhomes Lights Reclaimed Wood Console Table The Genessis Collection Sofa-Tables
Example product 'full_description': Solid, Reclaimed Fir Wood In Natural, Sun Bleached Finish With Light Antiquing Glaze.
127.0.0.1 - - [29/Mar/2026 23:26:22] "GET /mc_eval_51_4 HTTP/1.1" 200 -
Number of products loaded: 1000
Example product keys: dict_keys(['name', 'full_description', 'pricing', 'images', 'product_category', 'average_rating', 'small_description', 'customization_options', 
'asin', 'category', 'query', 'page', 'Title', 'Description', 'Reviews', 'Rating', 'BulletPoints', 'Price', 'options', 'option_to_image', 'Attributes', 
'instruction_text', 'instruction_attributes', 'MainImage'])
Example product 'name': Vhomes Lights Reclaimed Wood Console Table The Genessis Collection Sofa-Tables
Example product 'full_description': Solid, Reclaimed Fir Wood In Natural, Sun Bleached Finish With Light Antiquing Glaze.
127.0.0.1 - - [29/Mar/2026 23:26:25] "GET /mc_eval_51_4 HTTP/1.1" 200 -
Number of products loaded: 1000
Example product keys: dict_keys(['name', 'full_description', 'pricing', 'images', 'product_category', 'average_rating', 'small_description', 'customization_options', 
'asin', 'category', 'query', 'page', 'Title', 'Description', 'Reviews', 'Rating', 'BulletPoints', 'Price', 'options', 'option_to_image', 'Attributes', 
'instruction_text', 'instruction_attributes', 'MainImage'])
Example product 'name': Vhomes Lights Reclaimed Wood Console Table The Genessis Collection Sofa-Tables
Example product 'full_description': Solid, Reclaimed Fir Wood In Natural, Sun Bleached Finish With Light Antiquing Glaze.
127.0.0.1 - - [29/Mar/2026 23:26:27] "GET /mc_eval_51_4 HTTP/1.1" 200 -
Number of products loaded: 1000
Example product keys: dict_keys(['name', 'full_description', 'pricing', 'images', 'product_category', 'average_rating', 'small_description', 'customization_options', 
'asin', 'category', 'query', 'page', 'Title', 'Description', 'Reviews', 'Rating', 'BulletPoints', 'Price', 'options', 'option_to_image', 'Attributes', 
'instruction_text', 'instruction_attributes', 'MainImage'])
Example product 'name': Vhomes Lights Reclaimed Wood Console Table The Genessis Collection Sofa-Tables
Example product 'full_description': Solid, Reclaimed Fir Wood In Natural, Sun Bleached Finish With Light Antiquing Glaze.
127.0.0.1 - - [29/Mar/2026 23:26:28] "GET /mc_eval_51_4 HTTP/1.1" 200 -
Number of products loaded: 1000
Example product keys: dict_keys(['name', 'full_description', 'pricing', 'images', 'product_category', 'average_rating', 'small_description', 'customization_options', 
'asin', 'category', 'query', 'page', 'Title', 'Description', 'Reviews', 'Rating', 'BulletPoints', 'Price', 'options', 'option_to_image', 'Attributes', 
'instruction_text', 'instruction_attributes', 'MainImage'])
Example product 'name': Vhomes Lights Reclaimed Wood Console Table The Genessis Collection Sofa-Tables
Example product 'full_description': Solid, Reclaimed Fir Wood In Natural, Sun Bleached Finish With Light Antiquing Glaze.
127.0.0.1 - - [29/Mar/2026 23:26:31] "GET /mc_eval_51_4 HTTP/1.1" 200 -
Number of products loaded: 1000
Example product keys: dict_keys(['name', 'full_description', 'pricing', 'images', 'product_category', 'average_rating', 'small_description', 'customization_options', 
'asin', 'category', 'query', 'page', 'Title', 'Description', 'Reviews', 'Rating', 'BulletPoints', 'Price', 'options', 'option_to_image', 'Attributes', 
'instruction_text', 'instruction_attributes', 'MainImage'])
Example product 'name': Vhomes Lights Reclaimed Wood Console Table The Genessis Collection Sofa-Tables
Example product 'full_description': Solid, Reclaimed Fir Wood In Natural, Sun Bleached Finish With Light Antiquing Glaze.
127.0.0.1 - - [29/Mar/2026 23:26:33] "GET /mc_eval_51_4 HTTP/1.1" 200 -
Number of products loaded: 1000
Example product keys: dict_keys(['name', 'full_description', 'pricing', 'images', 'product_category', 'average_rating', 'small_description', 'customization_options', 
'asin', 'category', 'query', 'page', 'Title', 'Description', 'Reviews', 'Rating', 'BulletPoints', 'Price', 'options', 'option_to_image', 'Attributes', 
'instruction_text', 'instruction_attributes', 'MainImage'])
Example product 'name': Vhomes Lights Reclaimed Wood Console Table The Genessis Collection Sofa-Tables
Example product 'full_description': Solid, Reclaimed Fir Wood In Natural, Sun Bleached Finish With Light Antiquing Glaze.
127.0.0.1 - - [29/Mar/2026 23:26:36] "GET /mc_eval_51_4 HTTP/1.1" 200 -
Number of products loaded: 1000
Example product keys: dict_keys(['name', 'full_description', 'pricing', 'images', 'product_category', 'average_rating', 'small_description', 'customization_options', 
'asin', 'category', 'query', 'page', 'Title', 'Description', 'Reviews', 'Rating', 'BulletPoints', 'Price', 'options', 'option_to_image', 'Attributes', 
'instruction_text', 'instruction_attributes', 'MainImage'])
Example product 'name': Vhomes Lights Reclaimed Wood Console Table The Genessis Collection Sofa-Tables
Example product 'full_description': Solid, Reclaimed Fir Wood In Natural, Sun Bleached Finish With Light Antiquing Glaze.
127.0.0.1 - - [29/Mar/2026 23:26:39] "GET /mc_eval_51_4 HTTP/1.1" 200 -
Number of products loaded: 1000
Example product keys: dict_keys(['name', 'full_description', 'pricing', 'images', 'product_category', 'average_rating', 'small_description', 'customization_options', 
'asin', 'category', 'query', 'page', 'Title', 'Description', 'Reviews', 'Rating', 'BulletPoints', 'Price', 'options', 'option_to_image', 'Attributes', 
'instruction_text', 'instruction_attributes', 'MainImage'])
Example product 'name': Vhomes Lights Reclaimed Wood Console Table The Genessis Collection Sofa-Tables
Example product 'full_description': Solid, Reclaimed Fir Wood In Natural, Sun Bleached Finish With Light Antiquing Glaze.
127.0.0.1 - - [29/Mar/2026 23:26:41] "GET /mc_eval_51_4 HTTP/1.1" 200 -
Number of products loaded: 1000
Example product keys: dict_keys(['name', 'full_description', 'pricing', 'images', 'product_category', 'average_rating', 'small_description', 'customization_options', 
'asin', 'category', 'query', 'page', 'Title', 'Description', 'Reviews', 'Rating', 'BulletPoints', 'Price', 'options', 'option_to_image', 'Attributes', 
'instruction_text', 'instruction_attributes', 'MainImage'])
Example product 'name': Vhomes Lights Reclaimed Wood Console Table The Genessis Collection Sofa-Tables
Example product 'full_description': Solid, Reclaimed Fir Wood In Natural, Sun Bleached Finish With Light Antiquing Glaze.
127.0.0.1 - - [29/Mar/2026 23:26:42] "GET /mc_eval_51_4 HTTP/1.1" 200 -
Number of products loaded: 1000
Example product keys: dict_keys(['name', 'full_description', 'pricing', 'images', 'product_category', 'average_rating', 'small_description', 'customization_options', 
'asin', 'category', 'query', 'page', 'Title', 'Description', 'Reviews', 'Rating', 'BulletPoints', 'Price', 'options', 'option_to_image', 'Attributes', 
'instruction_text', 'instruction_attributes', 'MainImage'])
Example product 'name': Vhomes Lights Reclaimed Wood Console Table The Genessis Collection Sofa-Tables
Example product 'full_description': Solid, Reclaimed Fir Wood In Natural, Sun Bleached Finish With Light Antiquing Glaze.
127.0.0.1 - - [29/Mar/2026 23:26:44] "GET /mc_eval_51_4 HTTP/1.1" 200 -
Number of products loaded: 1000
Example product keys: dict_keys(['name', 'full_description', 'pricing', 'images', 'product_category', 'average_rating', 'small_description', 'customization_options', 
'asin', 'category', 'query', 'page', 'Title', 'Description', 'Reviews', 'Rating', 'BulletPoints', 'Price', 'options', 'option_to_image', 'Attributes', 
'instruction_text', 'instruction_attributes', 'MainImage'])
Example product 'name': Vhomes Lights Reclaimed Wood Console Table The Genessis Collection Sofa-Tables
Example product 'full_description': Solid, Reclaimed Fir Wood In Natural, Sun Bleached Finish With Light Antiquing Glaze.
127.0.0.1 - - [29/Mar/2026 23:26:47] "GET /mc_eval_51_4 HTTP/1.1" 200 -
Number of products loaded: 1000
Example product keys: dict_keys(['name', 'full_description', 'pricing', 'images', 'product_category', 'average_rating', 'small_description', 'customization_options', 
'asin', 'category', 'query', 'page', 'Title', 'Description', 'Reviews', 'Rating', 'BulletPoints', 'Price', 'options', 'option_to_image', 'Attributes', 
'instruction_text', 'instruction_attributes', 'MainImage'])
Example product 'name': Vhomes Lights Reclaimed Wood Console Table The Genessis Collection Sofa-Tables
Example product 'full_description': Solid, Reclaimed Fir Wood In Natural, Sun Bleached Finish With Light Antiquing Glaze.
127.0.0.1 - - [29/Mar/2026 23:26:50] "GET /mc_eval_51_4 HTTP/1.1" 200 -
Number of products loaded: 1000
Example product keys: dict_keys(['name', 'full_description', 'pricing', 'images', 'product_category', 'average_rating', 'small_description', 'customization_options', 
'asin', 'category', 'query', 'page', 'Title', 'Description', 'Reviews', 'Rating', 'BulletPoints', 'Price', 'options', 'option_to_image', 'Attributes', 
'instruction_text', 'instruction_attributes', 'MainImage'])
Example product 'name': Vhomes Lights Reclaimed Wood Console Table The Genessis Collection Sofa-Tables
Example product 'full_description': Solid, Reclaimed Fir Wood In Natural, Sun Bleached Finish With Light Antiquing Glaze.
127.0.0.1 - - [29/Mar/2026 23:26:50] "GET /mc_eval_99_5 HTTP/1.1" 200 -
Number of products loaded: 1000
Example product keys: dict_keys(['name', 'full_description', 'pricing', 'images', 'product_category', 'average_rating', 'small_description', 'customization_options', 
'asin', 'category', 'query', 'page', 'Title', 'Description', 'Reviews', 'Rating', 'BulletPoints', 'Price', 'options', 'option_to_image', 'Attributes', 
'instruction_text', 'instruction_attributes', 'MainImage'])
Example product 'name': Vhomes Lights Reclaimed Wood Console Table The Genessis Collection Sofa-Tables
Example product 'full_description': Solid, Reclaimed Fir Wood In Natural, Sun Bleached Finish With Light Antiquing Glaze.
127.0.0.1 - - [29/Mar/2026 23:26:50] "GET /mc_eval_99_5 HTTP/1.1" 200 -
Number of products loaded: 1000
Example product keys: dict_keys(['name', 'full_description', 'pricing', 'images', 'product_category', 'average_rating', 'small_description', 'customization_options', 
'asin', 'category', 'query', 'page', 'Title', 'Description', 'Reviews', 'Rating', 'BulletPoints', 'Price', 'options', 'option_to_image', 'Attributes', 
'instruction_text', 'instruction_attributes', 'MainImage'])
Example product 'name': Vhomes Lights Reclaimed Wood Console Table The Genessis Collection Sofa-Tables
Example product 'full_description': Solid, Reclaimed Fir Wood In Natural, Sun Bleached Finish With Light Antiquing Glaze.
127.0.0.1 - - [29/Mar/2026 23:26:53] "GET /mc_eval_99_5 HTTP/1.1" 200 -
Number of products loaded: 1000
Example product keys: dict_keys(['name', 'full_description', 'pricing', 'images', 'product_category', 'average_rating', 'small_description', 'customization_options', 
'asin', 'category', 'query', 'page', 'Title', 'Description', 'Reviews', 'Rating', 'BulletPoints', 'Price', 'options', 'option_to_image', 'Attributes', 
'instruction_text', 'instruction_attributes', 'MainImage'])
Example product 'name': Vhomes Lights Reclaimed Wood Console Table The Genessis Collection Sofa-Tables
Example product 'full_description': Solid, Reclaimed Fir Wood In Natural, Sun Bleached Finish With Light Antiquing Glaze.
127.0.0.1 - - [29/Mar/2026 23:26:55] "GET /mc_eval_99_5 HTTP/1.1" 200 -
Number of products loaded: 1000
Example product keys: dict_keys(['name', 'full_description', 'pricing', 'images', 'product_category', 'average_rating', 'small_description', 'customization_options', 
'asin', 'category', 'query', 'page', 'Title', 'Description', 'Reviews', 'Rating', 'BulletPoints', 'Price', 'options', 'option_to_image', 'Attributes', 
'instruction_text', 'instruction_attributes', 'MainImage'])
Example product 'name': Vhomes Lights Reclaimed Wood Console Table The Genessis Collection Sofa-Tables
Example product 'full_description': Solid, Reclaimed Fir Wood In Natural, Sun Bleached Finish With Light Antiquing Glaze.
127.0.0.1 - - [29/Mar/2026 23:26:58] "GET /mc_eval_99_5 HTTP/1.1" 200 -
Number of products loaded: 1000
Example product keys: dict_keys(['name', 'full_description', 'pricing', 'images', 'product_category', 'average_rating', 'small_description', 'customization_options', 
'asin', 'category', 'query', 'page', 'Title', 'Description', 'Reviews', 'Rating', 'BulletPoints', 'Price', 'options', 'option_to_image', 'Attributes', 
'instruction_text', 'instruction_attributes', 'MainImage'])
Example product 'name': Vhomes Lights Reclaimed Wood Console Table The Genessis Collection Sofa-Tables
Example product 'full_description': Solid, Reclaimed Fir Wood In Natural, Sun Bleached Finish With Light Antiquing Glaze.
127.0.0.1 - - [29/Mar/2026 23:27:01] "GET /mc_eval_99_5 HTTP/1.1" 200 -
Number of products loaded: 1000
Example product keys: dict_keys(['name', 'full_description', 'pricing', 'images', 'product_category', 'average_rating', 'small_description', 'customization_options', 
'asin', 'category', 'query', 'page', 'Title', 'Description', 'Reviews', 'Rating', 'BulletPoints', 'Price', 'options', 'option_to_image', 'Attributes', 
'instruction_text', 'instruction_attributes', 'MainImage'])
Example product 'name': Vhomes Lights Reclaimed Wood Console Table The Genessis Collection Sofa-Tables
Example product 'full_description': Solid, Reclaimed Fir Wood In Natural, Sun Bleached Finish With Light Antiquing Glaze.
127.0.0.1 - - [29/Mar/2026 23:27:03] "GET /mc_eval_99_5 HTTP/1.1" 200 -
Number of products loaded: 1000
Example product keys: dict_keys(['name', 'full_description', 'pricing', 'images', 'product_category', 'average_rating', 'small_description', 'customization_options', 
'asin', 'category', 'query', 'page', 'Title', 'Description', 'Reviews', 'Rating', 'BulletPoints', 'Price', 'options', 'option_to_image', 'Attributes', 
'instruction_text', 'instruction_attributes', 'MainImage'])
Example product 'name': Vhomes Lights Reclaimed Wood Console Table The Genessis Collection Sofa-Tables
Example product 'full_description': Solid, Reclaimed Fir Wood In Natural, Sun Bleached Finish With Light Antiquing Glaze.
127.0.0.1 - - [29/Mar/2026 23:27:06] "GET /mc_eval_99_5 HTTP/1.1" 200 -
Number of products loaded: 1000
Example product keys: dict_keys(['name', 'full_description', 'pricing', 'images', 'product_category', 'average_rating', 'small_description', 'customization_options', 
'asin', 'category', 'query', 'page', 'Title', 'Description', 'Reviews', 'Rating', 'BulletPoints', 'Price', 'options', 'option_to_image', 'Attributes', 
'instruction_text', 'instruction_attributes', 'MainImage'])
Example product 'name': Vhomes Lights Reclaimed Wood Console Table The Genessis Collection Sofa-Tables
Example product 'full_description': Solid, Reclaimed Fir Wood In Natural, Sun Bleached Finish With Light Antiquing Glaze.
127.0.0.1 - - [29/Mar/2026 23:27:08] "GET /mc_eval_99_5 HTTP/1.1" 200 -
Number of products loaded: 1000
Example product keys: dict_keys(['name', 'full_description', 'pricing', 'images', 'product_category', 'average_rating', 'small_description', 'customization_options', 
'asin', 'category', 'query', 'page', 'Title', 'Description', 'Reviews', 'Rating', 'BulletPoints', 'Price', 'options', 'option_to_image', 'Attributes', 
'instruction_text', 'instruction_attributes', 'MainImage'])
Example product 'name': Vhomes Lights Reclaimed Wood Console Table The Genessis Collection Sofa-Tables
Example product 'full_description': Solid, Reclaimed Fir Wood In Natural, Sun Bleached Finish With Light Antiquing Glaze.
127.0.0.1 - - [29/Mar/2026 23:27:11] "GET /mc_eval_99_5 HTTP/1.1" 200 -
Number of products loaded: 1000
Example product keys: dict_keys(['name', 'full_description', 'pricing', 'images', 'product_category', 'average_rating', 'small_description', 'customization_options', 
'asin', 'category', 'query', 'page', 'Title', 'Description', 'Reviews', 'Rating', 'BulletPoints', 'Price', 'options', 'option_to_image', 'Attributes', 
'instruction_text', 'instruction_attributes', 'MainImage'])
Example product 'name': Vhomes Lights Reclaimed Wood Console Table The Genessis Collection Sofa-Tables
Example product 'full_description': Solid, Reclaimed Fir Wood In Natural, Sun Bleached Finish With Light Antiquing Glaze.
127.0.0.1 - - [29/Mar/2026 23:27:14] "GET /mc_eval_99_5 HTTP/1.1" 200 -
Number of products loaded: 1000
Example product keys: dict_keys(['name', 'full_description', 'pricing', 'images', 'product_category', 'average_rating', 'small_description', 'customization_options', 
'asin', 'category', 'query', 'page', 'Title', 'Description', 'Reviews', 'Rating', 'BulletPoints', 'Price', 'options', 'option_to_image', 'Attributes', 
'instruction_text', 'instruction_attributes', 'MainImage'])
Example product 'name': Vhomes Lights Reclaimed Wood Console Table The Genessis Collection Sofa-Tables
Example product 'full_description': Solid, Reclaimed Fir Wood In Natural, Sun Bleached Finish With Light Antiquing Glaze.
127.0.0.1 - - [29/Mar/2026 23:27:16] "GET /mc_eval_99_5 HTTP/1.1" 200 -
Number of products loaded: 1000
Example product keys: dict_keys(['name', 'full_description', 'pricing', 'images', 'product_category', 'average_rating', 'small_description', 'customization_options', 
'asin', 'category', 'query', 'page', 'Title', 'Description', 'Reviews', 'Rating', 'BulletPoints', 'Price', 'options', 'option_to_image', 'Attributes', 
'instruction_text', 'instruction_attributes', 'MainImage'])
Example product 'name': Vhomes Lights Reclaimed Wood Console Table The Genessis Collection Sofa-Tables
Example product 'full_description': Solid, Reclaimed Fir Wood In Natural, Sun Bleached Finish With Light Antiquing Glaze.
127.0.0.1 - - [29/Mar/2026 23:27:19] "GET /mc_eval_99_5 HTTP/1.1" 200 -
Number of products loaded: 1000
Example product keys: dict_keys(['name', 'full_description', 'pricing', 'images', 'product_category', 'average_rating', 'small_description', 'customization_options', 
'asin', 'category', 'query', 'page', 'Title', 'Description', 'Reviews', 'Rating', 'BulletPoints', 'Price', 'options', 'option_to_image', 'Attributes', 
'instruction_text', 'instruction_attributes', 'MainImage'])
Example product 'name': Vhomes Lights Reclaimed Wood Console Table The Genessis Collection Sofa-Tables
Example product 'full_description': Solid, Reclaimed Fir Wood In Natural, Sun Bleached Finish With Light Antiquing Glaze.
127.0.0.1 - - [29/Mar/2026 23:27:22] "GET /mc_eval_99_5 HTTP/1.1" 200 -
Number of products loaded: 1000
Example product keys: dict_keys(['name', 'full_description', 'pricing', 'images', 'product_category', 'average_rating', 'small_description', 'customization_options', 
'asin', 'category', 'query', 'page', 'Title', 'Description', 'Reviews', 'Rating', 'BulletPoints', 'Price', 'options', 'option_to_image', 'Attributes', 
'instruction_text', 'instruction_attributes', 'MainImage'])
Example product 'name': Vhomes Lights Reclaimed Wood Console Table The Genessis Collection Sofa-Tables
Example product 'full_description': Solid, Reclaimed Fir Wood In Natural, Sun Bleached Finish With Light Antiquing Glaze.
127.0.0.1 - - [29/Mar/2026 23:27:24] "GET /mc_eval_99_5 HTTP/1.1" 200 -
Number of products loaded: 1000
Example product keys: dict_keys(['name', 'full_description', 'pricing', 'images', 'product_category', 'average_rating', 'small_description', 'customization_options', 
'asin', 'category', 'query', 'page', 'Title', 'Description', 'Reviews', 'Rating', 'BulletPoints', 'Price', 'options', 'option_to_image', 'Attributes', 
'instruction_text', 'instruction_attributes', 'MainImage'])
Example product 'name': Vhomes Lights Reclaimed Wood Console Table The Genessis Collection Sofa-Tables
Example product 'full_description': Solid, Reclaimed Fir Wood In Natural, Sun Bleached Finish With Light Antiquing Glaze.
127.0.0.1 - - [29/Mar/2026 23:27:27] "GET /mc_eval_99_5 HTTP/1.1" 200 -
Number of products loaded: 1000
Example product keys: dict_keys(['name', 'full_description', 'pricing', 'images', 'product_category', 'average_rating', 'small_description', 'customization_options', 
'asin', 'category', 'query', 'page', 'Title', 'Description', 'Reviews', 'Rating', 'BulletPoints', 'Price', 'options', 'option_to_image', 'Attributes', 
'instruction_text', 'instruction_attributes', 'MainImage'])
Example product 'name': Vhomes Lights Reclaimed Wood Console Table The Genessis Collection Sofa-Tables
Example product 'full_description': Solid, Reclaimed Fir Wood In Natural, Sun Bleached Finish With Light Antiquing Glaze.
127.0.0.1 - - [29/Mar/2026 23:27:27] "GET /mc_eval_120_6 HTTP/1.1" 200 -
Number of products loaded: 1000
Example product keys: dict_keys(['name', 'full_description', 'pricing', 'images', 'product_category', 'average_rating', 'small_description', 'customization_options', 
'asin', 'category', 'query', 'page', 'Title', 'Description', 'Reviews', 'Rating', 'BulletPoints', 'Price', 'options', 'option_to_image', 'Attributes', 
'instruction_text', 'instruction_attributes', 'MainImage'])
Example product 'name': Vhomes Lights Reclaimed Wood Console Table The Genessis Collection Sofa-Tables
Example product 'full_description': Solid, Reclaimed Fir Wood In Natural, Sun Bleached Finish With Light Antiquing Glaze.
127.0.0.1 - - [29/Mar/2026 23:27:30] "GET /mc_eval_120_6 HTTP/1.1" 200 -
Number of products loaded: 1000
Example product keys: dict_keys(['name', 'full_description', 'pricing', 'images', 'product_category', 'average_rating', 'small_description', 'customization_options', 
'asin', 'category', 'query', 'page', 'Title', 'Description', 'Reviews', 'Rating', 'BulletPoints', 'Price', 'options', 'option_to_image', 'Attributes', 
'instruction_text', 'instruction_attributes', 'MainImage'])
Example product 'name': Vhomes Lights Reclaimed Wood Console Table The Genessis Collection Sofa-Tables
Example product 'full_description': Solid, Reclaimed Fir Wood In Natural, Sun Bleached Finish With Light Antiquing Glaze.
127.0.0.1 - - [29/Mar/2026 23:27:32] "GET /mc_eval_120_6 HTTP/1.1" 200 -
Number of products loaded: 1000
Example product keys: dict_keys(['name', 'full_description', 'pricing', 'images', 'product_category', 'average_rating', 'small_description', 'customization_options', 
'asin', 'category', 'query', 'page', 'Title', 'Description', 'Reviews', 'Rating', 'BulletPoints', 'Price', 'options', 'option_to_image', 'Attributes', 
'instruction_text', 'instruction_attributes', 'MainImage'])
Example product 'name': Vhomes Lights Reclaimed Wood Console Table The Genessis Collection Sofa-Tables
Example product 'full_description': Solid, Reclaimed Fir Wood In Natural, Sun Bleached Finish With Light Antiquing Glaze.
127.0.0.1 - - [29/Mar/2026 23:27:35] "GET /mc_eval_120_6 HTTP/1.1" 200 -
Number of products loaded: 1000
Example product keys: dict_keys(['name', 'full_description', 'pricing', 'images', 'product_category', 'average_rating', 'small_description', 'customization_options', 
'asin', 'category', 'query', 'page', 'Title', 'Description', 'Reviews', 'Rating', 'BulletPoints', 'Price', 'options', 'option_to_image', 'Attributes', 
'instruction_text', 'instruction_attributes', 'MainImage'])
Example product 'name': Vhomes Lights Reclaimed Wood Console Table The Genessis Collection Sofa-Tables
Example product 'full_description': Solid, Reclaimed Fir Wood In Natural, Sun Bleached Finish With Light Antiquing Glaze.
127.0.0.1 - - [29/Mar/2026 23:27:37] "GET /mc_eval_120_6 HTTP/1.1" 200 -
Number of products loaded: 1000
Example product keys: dict_keys(['name', 'full_description', 'pricing', 'images', 'product_category', 'average_rating', 'small_description', 'customization_options', 
'asin', 'category', 'query', 'page', 'Title', 'Description', 'Reviews', 'Rating', 'BulletPoints', 'Price', 'options', 'option_to_image', 'Attributes', 
'instruction_text', 'instruction_attributes', 'MainImage'])
Example product 'name': Vhomes Lights Reclaimed Wood Console Table The Genessis Collection Sofa-Tables
Example product 'full_description': Solid, Reclaimed Fir Wood In Natural, Sun Bleached Finish With Light Antiquing Glaze.
127.0.0.1 - - [29/Mar/2026 23:27:40] "GET /mc_eval_120_6 HTTP/1.1" 200 -
Number of products loaded: 1000
Example product keys: dict_keys(['name', 'full_description', 'pricing', 'images', 'product_category', 'average_rating', 'small_description', 'customization_options', 
'asin', 'category', 'query', 'page', 'Title', 'Description', 'Reviews', 'Rating', 'BulletPoints', 'Price', 'options', 'option_to_image', 'Attributes', 
'instruction_text', 'instruction_attributes', 'MainImage'])
Example product 'name': Vhomes Lights Reclaimed Wood Console Table The Genessis Collection Sofa-Tables
Example product 'full_description': Solid, Reclaimed Fir Wood In Natural, Sun Bleached Finish With Light Antiquing Glaze.
127.0.0.1 - - [29/Mar/2026 23:27:43] "GET /mc_eval_120_6 HTTP/1.1" 200 -
Number of products loaded: 1000
Example product keys: dict_keys(['name', 'full_description', 'pricing', 'images', 'product_category', 'average_rating', 'small_description', 'customization_options', 
'asin', 'category', 'query', 'page', 'Title', 'Description', 'Reviews', 'Rating', 'BulletPoints', 'Price', 'options', 'option_to_image', 'Attributes', 
'instruction_text', 'instruction_attributes', 'MainImage'])
Example product 'name': Vhomes Lights Reclaimed Wood Console Table The Genessis Collection Sofa-Tables
Example product 'full_description': Solid, Reclaimed Fir Wood In Natural, Sun Bleached Finish With Light Antiquing Glaze.
127.0.0.1 - - [29/Mar/2026 23:27:45] "GET /mc_eval_120_6 HTTP/1.1" 200 -
Number of products loaded: 1000
Example product keys: dict_keys(['name', 'full_description', 'pricing', 'images', 'product_category', 'average_rating', 'small_description', 'customization_options', 
'asin', 'category', 'query', 'page', 'Title', 'Description', 'Reviews', 'Rating', 'BulletPoints', 'Price', 'options', 'option_to_image', 'Attributes', 
'instruction_text', 'instruction_attributes', 'MainImage'])
Example product 'name': Vhomes Lights Reclaimed Wood Console Table The Genessis Collection Sofa-Tables
Example product 'full_description': Solid, Reclaimed Fir Wood In Natural, Sun Bleached Finish With Light Antiquing Glaze.
127.0.0.1 - - [29/Mar/2026 23:27:48] "GET /mc_eval_120_6 HTTP/1.1" 200 -
Number of products loaded: 1000
Example product keys: dict_keys(['name', 'full_description', 'pricing', 'images', 'product_category', 'average_rating', 'small_description', 'customization_options', 
'asin', 'category', 'query', 'page', 'Title', 'Description', 'Reviews', 'Rating', 'BulletPoints', 'Price', 'options', 'option_to_image', 'Attributes', 
'instruction_text', 'instruction_attributes', 'MainImage'])
Example product 'name': Vhomes Lights Reclaimed Wood Console Table The Genessis Collection Sofa-Tables
Example product 'full_description': Solid, Reclaimed Fir Wood In Natural, Sun Bleached Finish With Light Antiquing Glaze.
127.0.0.1 - - [29/Mar/2026 23:27:49] "GET /mc_eval_120_6 HTTP/1.1" 200 -
Number of products loaded: 1000
Example product keys: dict_keys(['name', 'full_description', 'pricing', 'images', 'product_category', 'average_rating', 'small_description', 'customization_options', 
'asin', 'category', 'query', 'page', 'Title', 'Description', 'Reviews', 'Rating', 'BulletPoints', 'Price', 'options', 'option_to_image', 'Attributes', 
'instruction_text', 'instruction_attributes', 'MainImage'])
Example product 'name': Vhomes Lights Reclaimed Wood Console Table The Genessis Collection Sofa-Tables
Example product 'full_description': Solid, Reclaimed Fir Wood In Natural, Sun Bleached Finish With Light Antiquing Glaze.
127.0.0.1 - - [29/Mar/2026 23:27:51] "GET /mc_eval_120_6 HTTP/1.1" 200 -
Number of products loaded: 1000
Example product keys: dict_keys(['name', 'full_description', 'pricing', 'images', 'product_category', 'average_rating', 'small_description', 'customization_options', 
'asin', 'category', 'query', 'page', 'Title', 'Description', 'Reviews', 'Rating', 'BulletPoints', 'Price', 'options', 'option_to_image', 'Attributes', 
'instruction_text', 'instruction_attributes', 'MainImage'])
Example product 'name': Vhomes Lights Reclaimed Wood Console Table The Genessis Collection Sofa-Tables
Example product 'full_description': Solid, Reclaimed Fir Wood In Natural, Sun Bleached Finish With Light Antiquing Glaze.
127.0.0.1 - - [29/Mar/2026 23:27:54] "GET /mc_eval_120_6 HTTP/1.1" 200 -
Number of products loaded: 1000
Example product keys: dict_keys(['name', 'full_description', 'pricing', 'images', 'product_category', 'average_rating', 'small_description', 'customization_options', 
'asin', 'category', 'query', 'page', 'Title', 'Description', 'Reviews', 'Rating', 'BulletPoints', 'Price', 'options', 'option_to_image', 'Attributes', 
'instruction_text', 'instruction_attributes', 'MainImage'])
Example product 'name': Vhomes Lights Reclaimed Wood Console Table The Genessis Collection Sofa-Tables
Example product 'full_description': Solid, Reclaimed Fir Wood In Natural, Sun Bleached Finish With Light Antiquing Glaze.
127.0.0.1 - - [29/Mar/2026 23:27:56] "GET /mc_eval_120_6 HTTP/1.1" 200 -
Number of products loaded: 1000
Example product keys: dict_keys(['name', 'full_description', 'pricing', 'images', 'product_category', 'average_rating', 'small_description', 'customization_options', 
'asin', 'category', 'query', 'page', 'Title', 'Description', 'Reviews', 'Rating', 'BulletPoints', 'Price', 'options', 'option_to_image', 'Attributes', 
'instruction_text', 'instruction_attributes', 'MainImage'])
Example product 'name': Vhomes Lights Reclaimed Wood Console Table The Genessis Collection Sofa-Tables
Example product 'full_description': Solid, Reclaimed Fir Wood In Natural, Sun Bleached Finish With Light Antiquing Glaze.
127.0.0.1 - - [29/Mar/2026 23:27:57] "GET /mc_eval_120_6 HTTP/1.1" 200 -
Number of products loaded: 1000
Example product keys: dict_keys(['name', 'full_description', 'pricing', 'images', 'product_category', 'average_rating', 'small_description', 'customization_options', 
'asin', 'category', 'query', 'page', 'Title', 'Description', 'Reviews', 'Rating', 'BulletPoints', 'Price', 'options', 'option_to_image', 'Attributes', 
'instruction_text', 'instruction_attributes', 'MainImage'])
Example product 'name': Vhomes Lights Reclaimed Wood Console Table The Genessis Collection Sofa-Tables
Example product 'full_description': Solid, Reclaimed Fir Wood In Natural, Sun Bleached Finish With Light Antiquing Glaze.
127.0.0.1 - - [29/Mar/2026 23:27:59] "GET /mc_eval_120_6 HTTP/1.1" 200 -
Number of products loaded: 1000
Example product keys: dict_keys(['name', 'full_description', 'pricing', 'images', 'product_category', 'average_rating', 'small_description', 'customization_options', 
'asin', 'category', 'query', 'page', 'Title', 'Description', 'Reviews', 'Rating', 'BulletPoints', 'Price', 'options', 'option_to_image', 'Attributes', 
'instruction_text', 'instruction_attributes', 'MainImage'])
Example product 'name': Vhomes Lights Reclaimed Wood Console Table The Genessis Collection Sofa-Tables
Example product 'full_description': Solid, Reclaimed Fir Wood In Natural, Sun Bleached Finish With Light Antiquing Glaze.
127.0.0.1 - - [29/Mar/2026 23:28:02] "GET /mc_eval_120_6 HTTP/1.1" 200 -
Number of products loaded: 1000
Example product keys: dict_keys(['name', 'full_description', 'pricing', 'images', 'product_category', 'average_rating', 'small_description', 'customization_options', 
'asin', 'category', 'query', 'page', 'Title', 'Description', 'Reviews', 'Rating', 'BulletPoints', 'Price', 'options', 'option_to_image', 'Attributes', 
'instruction_text', 'instruction_attributes', 'MainImage'])
Example product 'name': Vhomes Lights Reclaimed Wood Console Table The Genessis Collection Sofa-Tables
Example product 'full_description': Solid, Reclaimed Fir Wood In Natural, Sun Bleached Finish With Light Antiquing Glaze.
127.0.0.1 - - [29/Mar/2026 23:28:02] "GET /mc_eval_142_7 HTTP/1.1" 200 -
Number of products loaded: 1000
Example product keys: dict_keys(['name', 'full_description', 'pricing', 'images', 'product_category', 'average_rating', 'small_description', 'customization_options', 
'asin', 'category', 'query', 'page', 'Title', 'Description', 'Reviews', 'Rating', 'BulletPoints', 'Price', 'options', 'option_to_image', 'Attributes', 
'instruction_text', 'instruction_attributes', 'MainImage'])
Example product 'name': Vhomes Lights Reclaimed Wood Console Table The Genessis Collection Sofa-Tables
Example product 'full_description': Solid, Reclaimed Fir Wood In Natural, Sun Bleached Finish With Light Antiquing Glaze.
127.0.0.1 - - [29/Mar/2026 23:28:05] "GET /mc_eval_142_7 HTTP/1.1" 200 -
Number of products loaded: 1000
Example product keys: dict_keys(['name', 'full_description', 'pricing', 'images', 'product_category', 'average_rating', 'small_description', 'customization_options', 
'asin', 'category', 'query', 'page', 'Title', 'Description', 'Reviews', 'Rating', 'BulletPoints', 'Price', 'options', 'option_to_image', 'Attributes', 
'instruction_text', 'instruction_attributes', 'MainImage'])
Example product 'name': Vhomes Lights Reclaimed Wood Console Table The Genessis Collection Sofa-Tables
Example product 'full_description': Solid, Reclaimed Fir Wood In Natural, Sun Bleached Finish With Light Antiquing Glaze.
127.0.0.1 - - [29/Mar/2026 23:28:07] "GET /mc_eval_142_7 HTTP/1.1" 200 -
Number of products loaded: 1000
Example product keys: dict_keys(['name', 'full_description', 'pricing', 'images', 'product_category', 'average_rating', 'small_description', 'customization_options', 
'asin', 'category', 'query', 'page', 'Title', 'Description', 'Reviews', 'Rating', 'BulletPoints', 'Price', 'options', 'option_to_image', 'Attributes', 
'instruction_text', 'instruction_attributes', 'MainImage'])
Example product 'name': Vhomes Lights Reclaimed Wood Console Table The Genessis Collection Sofa-Tables
Example product 'full_description': Solid, Reclaimed Fir Wood In Natural, Sun Bleached Finish With Light Antiquing Glaze.
127.0.0.1 - - [29/Mar/2026 23:28:10] "GET /mc_eval_142_7 HTTP/1.1" 200 -
Number of products loaded: 1000
Example product keys: dict_keys(['name', 'full_description', 'pricing', 'images', 'product_category', 'average_rating', 'small_description', 'customization_options', 
'asin', 'category', 'query', 'page', 'Title', 'Description', 'Reviews', 'Rating', 'BulletPoints', 'Price', 'options', 'option_to_image', 'Attributes', 
'instruction_text', 'instruction_attributes', 'MainImage'])
Example product 'name': Vhomes Lights Reclaimed Wood Console Table The Genessis Collection Sofa-Tables
Example product 'full_description': Solid, Reclaimed Fir Wood In Natural, Sun Bleached Finish With Light Antiquing Glaze.
127.0.0.1 - - [29/Mar/2026 23:28:13] "GET /mc_eval_142_7 HTTP/1.1" 200 -
Number of products loaded: 1000
Example product keys: dict_keys(['name', 'full_description', 'pricing', 'images', 'product_category', 'average_rating', 'small_description', 'customization_options', 
'asin', 'category', 'query', 'page', 'Title', 'Description', 'Reviews', 'Rating', 'BulletPoints', 'Price', 'options', 'option_to_image', 'Attributes', 
'instruction_text', 'instruction_attributes', 'MainImage'])
Example product 'name': Vhomes Lights Reclaimed Wood Console Table The Genessis Collection Sofa-Tables
Example product 'full_description': Solid, Reclaimed Fir Wood In Natural, Sun Bleached Finish With Light Antiquing Glaze.
127.0.0.1 - - [29/Mar/2026 23:28:15] "GET /mc_eval_142_7 HTTP/1.1" 200 -
Number of products loaded: 1000
Example product keys: dict_keys(['name', 'full_description', 'pricing', 'images', 'product_category', 'average_rating', 'small_description', 'customization_options', 
'asin', 'category', 'query', 'page', 'Title', 'Description', 'Reviews', 'Rating', 'BulletPoints', 'Price', 'options', 'option_to_image', 'Attributes', 
'instruction_text', 'instruction_attributes', 'MainImage'])
Example product 'name': Vhomes Lights Reclaimed Wood Console Table The Genessis Collection Sofa-Tables
Example product 'full_description': Solid, Reclaimed Fir Wood In Natural, Sun Bleached Finish With Light Antiquing Glaze.
127.0.0.1 - - [29/Mar/2026 23:28:18] "GET /mc_eval_142_7 HTTP/1.1" 200 -
Number of products loaded: 1000
Example product keys: dict_keys(['name', 'full_description', 'pricing', 'images', 'product_category', 'average_rating', 'small_description', 'customization_options', 
'asin', 'category', 'query', 'page', 'Title', 'Description', 'Reviews', 'Rating', 'BulletPoints', 'Price', 'options', 'option_to_image', 'Attributes', 
'instruction_text', 'instruction_attributes', 'MainImage'])
Example product 'name': Vhomes Lights Reclaimed Wood Console Table The Genessis Collection Sofa-Tables
Example product 'full_description': Solid, Reclaimed Fir Wood In Natural, Sun Bleached Finish With Light Antiquing Glaze.
127.0.0.1 - - [29/Mar/2026 23:28:21] "GET /mc_eval_142_7 HTTP/1.1" 200 -
Number of products loaded: 1000
Example product keys: dict_keys(['name', 'full_description', 'pricing', 'images', 'product_category', 'average_rating', 'small_description', 'customization_options', 
'asin', 'category', 'query', 'page', 'Title', 'Description', 'Reviews', 'Rating', 'BulletPoints', 'Price', 'options', 'option_to_image', 'Attributes', 
'instruction_text', 'instruction_attributes', 'MainImage'])
Example product 'name': Vhomes Lights Reclaimed Wood Console Table The Genessis Collection Sofa-Tables
Example product 'full_description': Solid, Reclaimed Fir Wood In Natural, Sun Bleached Finish With Light Antiquing Glaze.
127.0.0.1 - - [29/Mar/2026 23:28:23] "GET /mc_eval_142_7 HTTP/1.1" 200 -
Number of products loaded: 1000
Example product keys: dict_keys(['name', 'full_description', 'pricing', 'images', 'product_category', 'average_rating', 'small_description', 'customization_options', 
'asin', 'category', 'query', 'page', 'Title', 'Description', 'Reviews', 'Rating', 'BulletPoints', 'Price', 'options', 'option_to_image', 'Attributes', 
'instruction_text', 'instruction_attributes', 'MainImage'])
Example product 'name': Vhomes Lights Reclaimed Wood Console Table The Genessis Collection Sofa-Tables
Example product 'full_description': Solid, Reclaimed Fir Wood In Natural, Sun Bleached Finish With Light Antiquing Glaze.
127.0.0.1 - - [29/Mar/2026 23:28:26] "GET /mc_eval_142_7 HTTP/1.1" 200 -
Number of products loaded: 1000
Example product keys: dict_keys(['name', 'full_description', 'pricing', 'images', 'product_category', 'average_rating', 'small_description', 'customization_options', 
'asin', 'category', 'query', 'page', 'Title', 'Description', 'Reviews', 'Rating', 'BulletPoints', 'Price', 'options', 'option_to_image', 'Attributes', 
'instruction_text', 'instruction_attributes', 'MainImage'])
Example product 'name': Vhomes Lights Reclaimed Wood Console Table The Genessis Collection Sofa-Tables
Example product 'full_description': Solid, Reclaimed Fir Wood In Natural, Sun Bleached Finish With Light Antiquing Glaze.
127.0.0.1 - - [29/Mar/2026 23:28:28] "GET /mc_eval_142_7 HTTP/1.1" 200 -
Number of products loaded: 1000
Example product keys: dict_keys(['name', 'full_description', 'pricing', 'images', 'product_category', 'average_rating', 'small_description', 'customization_options', 
'asin', 'category', 'query', 'page', 'Title', 'Description', 'Reviews', 'Rating', 'BulletPoints', 'Price', 'options', 'option_to_image', 'Attributes', 
'instruction_text', 'instruction_attributes', 'MainImage'])
Example product 'name': Vhomes Lights Reclaimed Wood Console Table The Genessis Collection Sofa-Tables
Example product 'full_description': Solid, Reclaimed Fir Wood In Natural, Sun Bleached Finish With Light Antiquing Glaze.
127.0.0.1 - - [29/Mar/2026 23:28:31] "GET /mc_eval_142_7 HTTP/1.1" 200 -
Number of products loaded: 1000
Example product keys: dict_keys(['name', 'full_description', 'pricing', 'images', 'product_category', 'average_rating', 'small_description', 'customization_options', 
'asin', 'category', 'query', 'page', 'Title', 'Description', 'Reviews', 'Rating', 'BulletPoints', 'Price', 'options', 'option_to_image', 'Attributes', 
'instruction_text', 'instruction_attributes', 'MainImage'])
Example product 'name': Vhomes Lights Reclaimed Wood Console Table The Genessis Collection Sofa-Tables
Example product 'full_description': Solid, Reclaimed Fir Wood In Natural, Sun Bleached Finish With Light Antiquing Glaze.
127.0.0.1 - - [29/Mar/2026 23:28:34] "GET /mc_eval_142_7 HTTP/1.1" 200 -
Number of products loaded: 1000
Example product keys: dict_keys(['name', 'full_description', 'pricing', 'images', 'product_category', 'average_rating', 'small_description', 'customization_options', 
'asin', 'category', 'query', 'page', 'Title', 'Description', 'Reviews', 'Rating', 'BulletPoints', 'Price', 'options', 'option_to_image', 'Attributes', 
'instruction_text', 'instruction_attributes', 'MainImage'])
Example product 'name': Vhomes Lights Reclaimed Wood Console Table The Genessis Collection Sofa-Tables
Example product 'full_description': Solid, Reclaimed Fir Wood In Natural, Sun Bleached Finish With Light Antiquing Glaze.
127.0.0.1 - - [29/Mar/2026 23:28:36] "GET /mc_eval_142_7 HTTP/1.1" 200 -
Number of products loaded: 1000
Example product keys: dict_keys(['name', 'full_description', 'pricing', 'images', 'product_category', 'average_rating', 'small_description', 'customization_options', 
'asin', 'category', 'query', 'page', 'Title', 'Description', 'Reviews', 'Rating', 'BulletPoints', 'Price', 'options', 'option_to_image', 'Attributes', 
'instruction_text', 'instruction_attributes', 'MainImage'])
Example product 'name': Vhomes Lights Reclaimed Wood Console Table The Genessis Collection Sofa-Tables
Example product 'full_description': Solid, Reclaimed Fir Wood In Natural, Sun Bleached Finish With Light Antiquing Glaze.
127.0.0.1 - - [29/Mar/2026 23:28:39] "GET /mc_eval_142_7 HTTP/1.1" 200 -
Number of products loaded: 1000
Example product keys: dict_keys(['name', 'full_description', 'pricing', 'images', 'product_category', 'average_rating', 'small_description', 'customization_options', 
'asin', 'category', 'query', 'page', 'Title', 'Description', 'Reviews', 'Rating', 'BulletPoints', 'Price', 'options', 'option_to_image', 'Attributes', 
'instruction_text', 'instruction_attributes', 'MainImage'])
Example product 'name': Vhomes Lights Reclaimed Wood Console Table The Genessis Collection Sofa-Tables
Example product 'full_description': Solid, Reclaimed Fir Wood In Natural, Sun Bleached Finish With Light Antiquing Glaze.
127.0.0.1 - - [29/Mar/2026 23:28:41] "GET /mc_eval_142_7 HTTP/1.1" 200 -
Number of products loaded: 1000
Example product keys: dict_keys(['name', 'full_description', 'pricing', 'images', 'product_category', 'average_rating', 'small_description', 'customization_options', 
'asin', 'category', 'query', 'page', 'Title', 'Description', 'Reviews', 'Rating', 'BulletPoints', 'Price', 'options', 'option_to_image', 'Attributes', 
'instruction_text', 'instruction_attributes', 'MainImage'])
Example product 'name': Vhomes Lights Reclaimed Wood Console Table The Genessis Collection Sofa-Tables
Example product 'full_description': Solid, Reclaimed Fir Wood In Natural, Sun Bleached Finish With Light Antiquing Glaze.
127.0.0.1 - - [29/Mar/2026 23:28:41] "GET /mc_eval_173_8 HTTP/1.1" 200 -
Number of products loaded: 1000
Example product keys: dict_keys(['name', 'full_description', 'pricing', 'images', 'product_category', 'average_rating', 'small_description', 'customization_options', 
'asin', 'category', 'query', 'page', 'Title', 'Description', 'Reviews', 'Rating', 'BulletPoints', 'Price', 'options', 'option_to_image', 'Attributes', 
'instruction_text', 'instruction_attributes', 'MainImage'])
Example product 'name': Vhomes Lights Reclaimed Wood Console Table The Genessis Collection Sofa-Tables
Example product 'full_description': Solid, Reclaimed Fir Wood In Natural, Sun Bleached Finish With Light Antiquing Glaze.
127.0.0.1 - - [29/Mar/2026 23:28:44] "GET /mc_eval_173_8 HTTP/1.1" 200 -
Number of products loaded: 1000
Example product keys: dict_keys(['name', 'full_description', 'pricing', 'images', 'product_category', 'average_rating', 'small_description', 'customization_options', 
'asin', 'category', 'query', 'page', 'Title', 'Description', 'Reviews', 'Rating', 'BulletPoints', 'Price', 'options', 'option_to_image', 'Attributes', 
'instruction_text', 'instruction_attributes', 'MainImage'])
Example product 'name': Vhomes Lights Reclaimed Wood Console Table The Genessis Collection Sofa-Tables
Example product 'full_description': Solid, Reclaimed Fir Wood In Natural, Sun Bleached Finish With Light Antiquing Glaze.
127.0.0.1 - - [29/Mar/2026 23:28:46] "GET /mc_eval_173_8 HTTP/1.1" 200 -
Number of products loaded: 1000
Example product keys: dict_keys(['name', 'full_description', 'pricing', 'images', 'product_category', 'average_rating', 'small_description', 'customization_options', 
'asin', 'category', 'query', 'page', 'Title', 'Description', 'Reviews', 'Rating', 'BulletPoints', 'Price', 'options', 'option_to_image', 'Attributes', 
'instruction_text', 'instruction_attributes', 'MainImage'])
Example product 'name': Vhomes Lights Reclaimed Wood Console Table The Genessis Collection Sofa-Tables
Example product 'full_description': Solid, Reclaimed Fir Wood In Natural, Sun Bleached Finish With Light Antiquing Glaze.
127.0.0.1 - - [29/Mar/2026 23:28:47] "GET /mc_eval_173_8 HTTP/1.1" 200 -
Number of products loaded: 1000
Example product keys: dict_keys(['name', 'full_description', 'pricing', 'images', 'product_category', 'average_rating', 'small_description', 'customization_options', 
'asin', 'category', 'query', 'page', 'Title', 'Description', 'Reviews', 'Rating', 'BulletPoints', 'Price', 'options', 'option_to_image', 'Attributes', 
'instruction_text', 'instruction_attributes', 'MainImage'])
Example product 'name': Vhomes Lights Reclaimed Wood Console Table The Genessis Collection Sofa-Tables
Example product 'full_description': Solid, Reclaimed Fir Wood In Natural, Sun Bleached Finish With Light Antiquing Glaze.
127.0.0.1 - - [29/Mar/2026 23:28:47] "GET /mc_eval_173_8 HTTP/1.1" 200 -
Number of products loaded: 1000
Example product keys: dict_keys(['name', 'full_description', 'pricing', 'images', 'product_category', 'average_rating', 'small_description', 'customization_options', 
'asin', 'category', 'query', 'page', 'Title', 'Description', 'Reviews', 'Rating', 'BulletPoints', 'Price', 'options', 'option_to_image', 'Attributes', 
'instruction_text', 'instruction_attributes', 'MainImage'])
Example product 'name': Vhomes Lights Reclaimed Wood Console Table The Genessis Collection Sofa-Tables
Example product 'full_description': Solid, Reclaimed Fir Wood In Natural, Sun Bleached Finish With Light Antiquing Glaze.
127.0.0.1 - - [29/Mar/2026 23:28:50] "GET /mc_eval_173_8 HTTP/1.1" 200 -
Number of products loaded: 1000
Example product keys: dict_keys(['name', 'full_description', 'pricing', 'images', 'product_category', 'average_rating', 'small_description', 'customization_options', 
'asin', 'category', 'query', 'page', 'Title', 'Description', 'Reviews', 'Rating', 'BulletPoints', 'Price', 'options', 'option_to_image', 'Attributes', 
'instruction_text', 'instruction_attributes', 'MainImage'])
Example product 'name': Vhomes Lights Reclaimed Wood Console Table The Genessis Collection Sofa-Tables
Example product 'full_description': Solid, Reclaimed Fir Wood In Natural, Sun Bleached Finish With Light Antiquing Glaze.
127.0.0.1 - - [29/Mar/2026 23:28:52] "GET /mc_eval_173_8 HTTP/1.1" 200 -
Number of products loaded: 1000
Example product keys: dict_keys(['name', 'full_description', 'pricing', 'images', 'product_category', 'average_rating', 'small_description', 'customization_options', 
'asin', 'category', 'query', 'page', 'Title', 'Description', 'Reviews', 'Rating', 'BulletPoints', 'Price', 'options', 'option_to_image', 'Attributes', 
'instruction_text', 'instruction_attributes', 'MainImage'])
Example product 'name': Vhomes Lights Reclaimed Wood Console Table The Genessis Collection Sofa-Tables
Example product 'full_description': Solid, Reclaimed Fir Wood In Natural, Sun Bleached Finish With Light Antiquing Glaze.
127.0.0.1 - - [29/Mar/2026 23:28:55] "GET /mc_eval_173_8 HTTP/1.1" 200 -
Number of products loaded: 1000
Example product keys: dict_keys(['name', 'full_description', 'pricing', 'images', 'product_category', 'average_rating', 'small_description', 'customization_options', 
'asin', 'category', 'query', 'page', 'Title', 'Description', 'Reviews', 'Rating', 'BulletPoints', 'Price', 'options', 'option_to_image', 'Attributes', 
'instruction_text', 'instruction_attributes', 'MainImage'])
Example product 'name': Vhomes Lights Reclaimed Wood Console Table The Genessis Collection Sofa-Tables
Example product 'full_description': Solid, Reclaimed Fir Wood In Natural, Sun Bleached Finish With Light Antiquing Glaze.
127.0.0.1 - - [29/Mar/2026 23:28:57] "GET /mc_eval_173_8 HTTP/1.1" 200 -
Number of products loaded: 1000
Example product keys: dict_keys(['name', 'full_description', 'pricing', 'images', 'product_category', 'average_rating', 'small_description', 'customization_options', 
'asin', 'category', 'query', 'page', 'Title', 'Description', 'Reviews', 'Rating', 'BulletPoints', 'Price', 'options', 'option_to_image', 'Attributes', 
'instruction_text', 'instruction_attributes', 'MainImage'])
Example product 'name': Vhomes Lights Reclaimed Wood Console Table The Genessis Collection Sofa-Tables
Example product 'full_description': Solid, Reclaimed Fir Wood In Natural, Sun Bleached Finish With Light Antiquing Glaze.
127.0.0.1 - - [29/Mar/2026 23:29:00] "GET /mc_eval_173_8 HTTP/1.1" 200 -
Number of products loaded: 1000
Example product keys: dict_keys(['name', 'full_description', 'pricing', 'images', 'product_category', 'average_rating', 'small_description', 'customization_options', 
'asin', 'category', 'query', 'page', 'Title', 'Description', 'Reviews', 'Rating', 'BulletPoints', 'Price', 'options', 'option_to_image', 'Attributes', 
'instruction_text', 'instruction_attributes', 'MainImage'])
Example product 'name': Vhomes Lights Reclaimed Wood Console Table The Genessis Collection Sofa-Tables
Example product 'full_description': Solid, Reclaimed Fir Wood In Natural, Sun Bleached Finish With Light Antiquing Glaze.
127.0.0.1 - - [29/Mar/2026 23:29:03] "GET /mc_eval_173_8 HTTP/1.1" 200 -
Number of products loaded: 1000
Example product keys: dict_keys(['name', 'full_description', 'pricing', 'images', 'product_category', 'average_rating', 'small_description', 'customization_options', 
'asin', 'category', 'query', 'page', 'Title', 'Description', 'Reviews', 'Rating', 'BulletPoints', 'Price', 'options', 'option_to_image', 'Attributes', 
'instruction_text', 'instruction_attributes', 'MainImage'])
Example product 'name': Vhomes Lights Reclaimed Wood Console Table The Genessis Collection Sofa-Tables
Example product 'full_description': Solid, Reclaimed Fir Wood In Natural, Sun Bleached Finish With Light Antiquing Glaze.
127.0.0.1 - - [29/Mar/2026 23:29:03] "GET /mc_eval_173_8 HTTP/1.1" 200 -
Number of products loaded: 1000
Example product keys: dict_keys(['name', 'full_description', 'pricing', 'images', 'product_category', 'average_rating', 'small_description', 'customization_options', 
'asin', 'category', 'query', 'page', 'Title', 'Description', 'Reviews', 'Rating', 'BulletPoints', 'Price', 'options', 'option_to_image', 'Attributes', 
'instruction_text', 'instruction_attributes', 'MainImage'])
Example product 'name': Vhomes Lights Reclaimed Wood Console Table The Genessis Collection Sofa-Tables
Example product 'full_description': Solid, Reclaimed Fir Wood In Natural, Sun Bleached Finish With Light Antiquing Glaze.
127.0.0.1 - - [29/Mar/2026 23:29:06] "GET /mc_eval_173_8 HTTP/1.1" 200 -
Number of products loaded: 1000
Example product keys: dict_keys(['name', 'full_description', 'pricing', 'images', 'product_category', 'average_rating', 'small_description', 'customization_options', 
'asin', 'category', 'query', 'page', 'Title', 'Description', 'Reviews', 'Rating', 'BulletPoints', 'Price', 'options', 'option_to_image', 'Attributes', 
'instruction_text', 'instruction_attributes', 'MainImage'])
Example product 'name': Vhomes Lights Reclaimed Wood Console Table The Genessis Collection Sofa-Tables
Example product 'full_description': Solid, Reclaimed Fir Wood In Natural, Sun Bleached Finish With Light Antiquing Glaze.
127.0.0.1 - - [29/Mar/2026 23:29:09] "GET /mc_eval_173_8 HTTP/1.1" 200 -
Number of products loaded: 1000
Example product keys: dict_keys(['name', 'full_description', 'pricing', 'images', 'product_category', 'average_rating', 'small_description', 'customization_options', 
'asin', 'category', 'query', 'page', 'Title', 'Description', 'Reviews', 'Rating', 'BulletPoints', 'Price', 'options', 'option_to_image', 'Attributes', 
'instruction_text', 'instruction_attributes', 'MainImage'])
Example product 'name': Vhomes Lights Reclaimed Wood Console Table The Genessis Collection Sofa-Tables
Example product 'full_description': Solid, Reclaimed Fir Wood In Natural, Sun Bleached Finish With Light Antiquing Glaze.
127.0.0.1 - - [29/Mar/2026 23:29:11] "GET /mc_eval_173_8 HTTP/1.1" 200 -
Number of products loaded: 1000
Example product keys: dict_keys(['name', 'full_description', 'pricing', 'images', 'product_category', 'average_rating', 'small_description', 'customization_options', 
'asin', 'category', 'query', 'page', 'Title', 'Description', 'Reviews', 'Rating', 'BulletPoints', 'Price', 'options', 'option_to_image', 'Attributes', 
'instruction_text', 'instruction_attributes', 'MainImage'])
Example product 'name': Vhomes Lights Reclaimed Wood Console Table The Genessis Collection Sofa-Tables
Example product 'full_description': Solid, Reclaimed Fir Wood In Natural, Sun Bleached Finish With Light Antiquing Glaze.
127.0.0.1 - - [29/Mar/2026 23:29:14] "GET /mc_eval_173_8 HTTP/1.1" 200 -
Number of products loaded: 1000
Example product keys: dict_keys(['name', 'full_description', 'pricing', 'images', 'product_category', 'average_rating', 'small_description', 'customization_options', 
'asin', 'category', 'query', 'page', 'Title', 'Description', 'Reviews', 'Rating', 'BulletPoints', 'Price', 'options', 'option_to_image', 'Attributes', 
'instruction_text', 'instruction_attributes', 'MainImage'])
Example product 'name': Vhomes Lights Reclaimed Wood Console Table The Genessis Collection Sofa-Tables
Example product 'full_description': Solid, Reclaimed Fir Wood In Natural, Sun Bleached Finish With Light Antiquing Glaze.
127.0.0.1 - - [29/Mar/2026 23:29:14] "GET /mc_eval_184_9 HTTP/1.1" 200 -
Number of products loaded: 1000
Example product keys: dict_keys(['name', 'full_description', 'pricing', 'images', 'product_category', 'average_rating', 'small_description', 'customization_options', 
'asin', 'category', 'query', 'page', 'Title', 'Description', 'Reviews', 'Rating', 'BulletPoints', 'Price', 'options', 'option_to_image', 'Attributes', 
'instruction_text', 'instruction_attributes', 'MainImage'])
Example product 'name': Vhomes Lights Reclaimed Wood Console Table The Genessis Collection Sofa-Tables
Example product 'full_description': Solid, Reclaimed Fir Wood In Natural, Sun Bleached Finish With Light Antiquing Glaze.
127.0.0.1 - - [29/Mar/2026 23:29:14] "GET /mc_eval_184_9 HTTP/1.1" 200 -
Number of products loaded: 1000
Example product keys: dict_keys(['name', 'full_description', 'pricing', 'images', 'product_category', 'average_rating', 'small_description', 'customization_options', 
'asin', 'category', 'query', 'page', 'Title', 'Description', 'Reviews', 'Rating', 'BulletPoints', 'Price', 'options', 'option_to_image', 'Attributes', 
'instruction_text', 'instruction_attributes', 'MainImage'])
Example product 'name': Vhomes Lights Reclaimed Wood Console Table The Genessis Collection Sofa-Tables
Example product 'full_description': Solid, Reclaimed Fir Wood In Natural, Sun Bleached Finish With Light Antiquing Glaze.
127.0.0.1 - - [29/Mar/2026 23:29:17] "GET /mc_eval_184_9 HTTP/1.1" 200 -
Number of products loaded: 1000
Example product keys: dict_keys(['name', 'full_description', 'pricing', 'images', 'product_category', 'average_rating', 'small_description', 'customization_options', 
'asin', 'category', 'query', 'page', 'Title', 'Description', 'Reviews', 'Rating', 'BulletPoints', 'Price', 'options', 'option_to_image', 'Attributes', 
'instruction_text', 'instruction_attributes', 'MainImage'])
Example product 'name': Vhomes Lights Reclaimed Wood Console Table The Genessis Collection Sofa-Tables
Example product 'full_description': Solid, Reclaimed Fir Wood In Natural, Sun Bleached Finish With Light Antiquing Glaze.
127.0.0.1 - - [29/Mar/2026 23:29:20] "GET /mc_eval_184_9 HTTP/1.1" 200 -
Number of products loaded: 1000
Example product keys: dict_keys(['name', 'full_description', 'pricing', 'images', 'product_category', 'average_rating', 'small_description', 'customization_options', 
'asin', 'category', 'query', 'page', 'Title', 'Description', 'Reviews', 'Rating', 'BulletPoints', 'Price', 'options', 'option_to_image', 'Attributes', 
'instruction_text', 'instruction_attributes', 'MainImage'])
Example product 'name': Vhomes Lights Reclaimed Wood Console Table The Genessis Collection Sofa-Tables
Example product 'full_description': Solid, Reclaimed Fir Wood In Natural, Sun Bleached Finish With Light Antiquing Glaze.
127.0.0.1 - - [29/Mar/2026 23:29:22] "GET /mc_eval_184_9 HTTP/1.1" 200 -
Number of products loaded: 1000
Example product keys: dict_keys(['name', 'full_description', 'pricing', 'images', 'product_category', 'average_rating', 'small_description', 'customization_options', 
'asin', 'category', 'query', 'page', 'Title', 'Description', 'Reviews', 'Rating', 'BulletPoints', 'Price', 'options', 'option_to_image', 'Attributes', 
'instruction_text', 'instruction_attributes', 'MainImage'])
Example product 'name': Vhomes Lights Reclaimed Wood Console Table The Genessis Collection Sofa-Tables
Example product 'full_description': Solid, Reclaimed Fir Wood In Natural, Sun Bleached Finish With Light Antiquing Glaze.
127.0.0.1 - - [29/Mar/2026 23:29:23] "GET /mc_eval_184_9 HTTP/1.1" 200 -
Number of products loaded: 1000
Example product keys: dict_keys(['name', 'full_description', 'pricing', 'images', 'product_category', 'average_rating', 'small_description', 'customization_options', 
'asin', 'category', 'query', 'page', 'Title', 'Description', 'Reviews', 'Rating', 'BulletPoints', 'Price', 'options', 'option_to_image', 'Attributes', 
'instruction_text', 'instruction_attributes', 'MainImage'])
Example product 'name': Vhomes Lights Reclaimed Wood Console Table The Genessis Collection Sofa-Tables
Example product 'full_description': Solid, Reclaimed Fir Wood In Natural, Sun Bleached Finish With Light Antiquing Glaze.
127.0.0.1 - - [29/Mar/2026 23:29:26] "GET /mc_eval_184_9 HTTP/1.1" 200 -
Number of products loaded: 1000
Example product keys: dict_keys(['name', 'full_description', 'pricing', 'images', 'product_category', 'average_rating', 'small_description', 'customization_options', 
'asin', 'category', 'query', 'page', 'Title', 'Description', 'Reviews', 'Rating', 'BulletPoints', 'Price', 'options', 'option_to_image', 'Attributes', 
'instruction_text', 'instruction_attributes', 'MainImage'])
Example product 'name': Vhomes Lights Reclaimed Wood Console Table The Genessis Collection Sofa-Tables
Example product 'full_description': Solid, Reclaimed Fir Wood In Natural, Sun Bleached Finish With Light Antiquing Glaze.
127.0.0.1 - - [29/Mar/2026 23:29:28] "GET /mc_eval_184_9 HTTP/1.1" 200 -
Number of products loaded: 1000
Example product keys: dict_keys(['name', 'full_description', 'pricing', 'images', 'product_category', 'average_rating', 'small_description', 'customization_options', 
'asin', 'category', 'query', 'page', 'Title', 'Description', 'Reviews', 'Rating', 'BulletPoints', 'Price', 'options', 'option_to_image', 'Attributes', 
'instruction_text', 'instruction_attributes', 'MainImage'])
Example product 'name': Vhomes Lights Reclaimed Wood Console Table The Genessis Collection Sofa-Tables
Example product 'full_description': Solid, Reclaimed Fir Wood In Natural, Sun Bleached Finish With Light Antiquing Glaze.
127.0.0.1 - - [29/Mar/2026 23:29:31] "GET /mc_eval_184_9 HTTP/1.1" 200 -
Number of products loaded: 1000
Example product keys: dict_keys(['name', 'full_description', 'pricing', 'images', 'product_category', 'average_rating', 'small_description', 'customization_options', 
'asin', 'category', 'query', 'page', 'Title', 'Description', 'Reviews', 'Rating', 'BulletPoints', 'Price', 'options', 'option_to_image', 'Attributes', 
'instruction_text', 'instruction_attributes', 'MainImage'])
Example product 'name': Vhomes Lights Reclaimed Wood Console Table The Genessis Collection Sofa-Tables
Example product 'full_description': Solid, Reclaimed Fir Wood In Natural, Sun Bleached Finish With Light Antiquing Glaze.
127.0.0.1 - - [29/Mar/2026 23:29:33] "GET /mc_eval_184_9 HTTP/1.1" 200 -
Number of products loaded: 1000
Example product keys: dict_keys(['name', 'full_description', 'pricing', 'images', 'product_category', 'average_rating', 'small_description', 'customization_options', 
'asin', 'category', 'query', 'page', 'Title', 'Description', 'Reviews', 'Rating', 'BulletPoints', 'Price', 'options', 'option_to_image', 'Attributes', 
'instruction_text', 'instruction_attributes', 'MainImage'])
Example product 'name': Vhomes Lights Reclaimed Wood Console Table The Genessis Collection Sofa-Tables
Example product 'full_description': Solid, Reclaimed Fir Wood In Natural, Sun Bleached Finish With Light Antiquing Glaze.
127.0.0.1 - - [29/Mar/2026 23:29:36] "GET /mc_eval_184_9 HTTP/1.1" 200 -
Number of products loaded: 1000
Example product keys: dict_keys(['name', 'full_description', 'pricing', 'images', 'product_category', 'average_rating', 'small_description', 'customization_options', 
'asin', 'category', 'query', 'page', 'Title', 'Description', 'Reviews', 'Rating', 'BulletPoints', 'Price', 'options', 'option_to_image', 'Attributes', 
'instruction_text', 'instruction_attributes', 'MainImage'])
Example product 'name': Vhomes Lights Reclaimed Wood Console Table The Genessis Collection Sofa-Tables
Example product 'full_description': Solid, Reclaimed Fir Wood In Natural, Sun Bleached Finish With Light Antiquing Glaze.
127.0.0.1 - - [29/Mar/2026 23:29:39] "GET /mc_eval_184_9 HTTP/1.1" 200 -
Number of products loaded: 1000
Example product keys: dict_keys(['name', 'full_description', 'pricing', 'images', 'product_category', 'average_rating', 'small_description', 'customization_options', 
'asin', 'category', 'query', 'page', 'Title', 'Description', 'Reviews', 'Rating', 'BulletPoints', 'Price', 'options', 'option_to_image', 'Attributes', 
'instruction_text', 'instruction_attributes', 'MainImage'])
Example product 'name': Vhomes Lights Reclaimed Wood Console Table The Genessis Collection Sofa-Tables
Example product 'full_description': Solid, Reclaimed Fir Wood In Natural, Sun Bleached Finish With Light Antiquing Glaze.
127.0.0.1 - - [29/Mar/2026 23:29:39] "GET /mc_eval_184_9 HTTP/1.1" 200 -
Number of products loaded: 1000
Example product keys: dict_keys(['name', 'full_description', 'pricing', 'images', 'product_category', 'average_rating', 'small_description', 'customization_options', 
'asin', 'category', 'query', 'page', 'Title', 'Description', 'Reviews', 'Rating', 'BulletPoints', 'Price', 'options', 'option_to_image', 'Attributes', 
'instruction_text', 'instruction_attributes', 'MainImage'])
Example product 'name': Vhomes Lights Reclaimed Wood Console Table The Genessis Collection Sofa-Tables
Example product 'full_description': Solid, Reclaimed Fir Wood In Natural, Sun Bleached Finish With Light Antiquing Glaze.
127.0.0.1 - - [29/Mar/2026 23:29:42] "GET /mc_eval_184_9 HTTP/1.1" 200 -
Number of products loaded: 1000
Example product keys: dict_keys(['name', 'full_description', 'pricing', 'images', 'product_category', 'average_rating', 'small_description', 'customization_options', 
'asin', 'category', 'query', 'page', 'Title', 'Description', 'Reviews', 'Rating', 'BulletPoints', 'Price', 'options', 'option_to_image', 'Attributes', 
'instruction_text', 'instruction_attributes', 'MainImage'])
Example product 'name': Vhomes Lights Reclaimed Wood Console Table The Genessis Collection Sofa-Tables
Example product 'full_description': Solid, Reclaimed Fir Wood In Natural, Sun Bleached Finish With Light Antiquing Glaze.
127.0.0.1 - - [29/Mar/2026 23:29:44] "GET /mc_eval_184_9 HTTP/1.1" 200 -
Number of products loaded: 1000
Example product keys: dict_keys(['name', 'full_description', 'pricing', 'images', 'product_category', 'average_rating', 'small_description', 'customization_options', 
'asin', 'category', 'query', 'page', 'Title', 'Description', 'Reviews', 'Rating', 'BulletPoints', 'Price', 'options', 'option_to_image', 'Attributes', 
'instruction_text', 'instruction_attributes', 'MainImage'])
Example product 'name': Vhomes Lights Reclaimed Wood Console Table The Genessis Collection Sofa-Tables
Example product 'full_description': Solid, Reclaimed Fir Wood In Natural, Sun Bleached Finish With Light Antiquing Glaze.
127.0.0.1 - - [29/Mar/2026 23:29:45] "GET /mc_eval_184_9 HTTP/1.1" 200 -
Number of products loaded: 1000
Example product keys: dict_keys(['name', 'full_description', 'pricing', 'images', 'product_category', 'average_rating', 'small_description', 'customization_options', 
'asin', 'category', 'query', 'page', 'Title', 'Description', 'Reviews', 'Rating', 'BulletPoints', 'Price', 'options', 'option_to_image', 'Attributes', 
'instruction_text', 'instruction_attributes', 'MainImage'])
Example product 'name': Vhomes Lights Reclaimed Wood Console Table The Genessis Collection Sofa-Tables
Example product 'full_description': Solid, Reclaimed Fir Wood In Natural, Sun Bleached Finish With Light Antiquing Glaze.
127.0.0.1 - - [29/Mar/2026 23:29:45] "GET /mc_eval_208_10 HTTP/1.1" 200 -
Number of products loaded: 1000
Example product keys: dict_keys(['name', 'full_description', 'pricing', 'images', 'product_category', 'average_rating', 'small_description', 'customization_options', 
'asin', 'category', 'query', 'page', 'Title', 'Description', 'Reviews', 'Rating', 'BulletPoints', 'Price', 'options', 'option_to_image', 'Attributes', 
'instruction_text', 'instruction_attributes', 'MainImage'])
Example product 'name': Vhomes Lights Reclaimed Wood Console Table The Genessis Collection Sofa-Tables
Example product 'full_description': Solid, Reclaimed Fir Wood In Natural, Sun Bleached Finish With Light Antiquing Glaze.
127.0.0.1 - - [29/Mar/2026 23:29:48] "GET /mc_eval_208_10 HTTP/1.1" 200 -
Number of products loaded: 1000
Example product keys: dict_keys(['name', 'full_description', 'pricing', 'images', 'product_category', 'average_rating', 'small_description', 'customization_options', 
'asin', 'category', 'query', 'page', 'Title', 'Description', 'Reviews', 'Rating', 'BulletPoints', 'Price', 'options', 'option_to_image', 'Attributes', 
'instruction_text', 'instruction_attributes', 'MainImage'])
Example product 'name': Vhomes Lights Reclaimed Wood Console Table The Genessis Collection Sofa-Tables
Example product 'full_description': Solid, Reclaimed Fir Wood In Natural, Sun Bleached Finish With Light Antiquing Glaze.
127.0.0.1 - - [29/Mar/2026 23:29:50] "GET /mc_eval_208_10 HTTP/1.1" 200 -
Number of products loaded: 1000
Example product keys: dict_keys(['name', 'full_description', 'pricing', 'images', 'product_category', 'average_rating', 'small_description', 'customization_options', 
'asin', 'category', 'query', 'page', 'Title', 'Description', 'Reviews', 'Rating', 'BulletPoints', 'Price', 'options', 'option_to_image', 'Attributes', 
'instruction_text', 'instruction_attributes', 'MainImage'])
Example product 'name': Vhomes Lights Reclaimed Wood Console Table The Genessis Collection Sofa-Tables
Example product 'full_description': Solid, Reclaimed Fir Wood In Natural, Sun Bleached Finish With Light Antiquing Glaze.
127.0.0.1 - - [29/Mar/2026 23:29:53] "GET /mc_eval_208_10 HTTP/1.1" 200 -
Number of products loaded: 1000
Example product keys: dict_keys(['name', 'full_description', 'pricing', 'images', 'product_category', 'average_rating', 'small_description', 'customization_options', 
'asin', 'category', 'query', 'page', 'Title', 'Description', 'Reviews', 'Rating', 'BulletPoints', 'Price', 'options', 'option_to_image', 'Attributes', 
'instruction_text', 'instruction_attributes', 'MainImage'])
Example product 'name': Vhomes Lights Reclaimed Wood Console Table The Genessis Collection Sofa-Tables
Example product 'full_description': Solid, Reclaimed Fir Wood In Natural, Sun Bleached Finish With Light Antiquing Glaze.
127.0.0.1 - - [29/Mar/2026 23:29:56] "GET /mc_eval_208_10 HTTP/1.1" 200 -
Number of products loaded: 1000
Example product keys: dict_keys(['name', 'full_description', 'pricing', 'images', 'product_category', 'average_rating', 'small_description', 'customization_options', 
'asin', 'category', 'query', 'page', 'Title', 'Description', 'Reviews', 'Rating', 'BulletPoints', 'Price', 'options', 'option_to_image', 'Attributes', 
'instruction_text', 'instruction_attributes', 'MainImage'])
Example product 'name': Vhomes Lights Reclaimed Wood Console Table The Genessis Collection Sofa-Tables
Example product 'full_description': Solid, Reclaimed Fir Wood In Natural, Sun Bleached Finish With Light Antiquing Glaze.
127.0.0.1 - - [29/Mar/2026 23:29:58] "GET /mc_eval_208_10 HTTP/1.1" 200 -
Number of products loaded: 1000
Example product keys: dict_keys(['name', 'full_description', 'pricing', 'images', 'product_category', 'average_rating', 'small_description', 'customization_options', 
'asin', 'category', 'query', 'page', 'Title', 'Description', 'Reviews', 'Rating', 'BulletPoints', 'Price', 'options', 'option_to_image', 'Attributes', 
'instruction_text', 'instruction_attributes', 'MainImage'])
Example product 'name': Vhomes Lights Reclaimed Wood Console Table The Genessis Collection Sofa-Tables
Example product 'full_description': Solid, Reclaimed Fir Wood In Natural, Sun Bleached Finish With Light Antiquing Glaze.
127.0.0.1 - - [29/Mar/2026 23:30:01] "GET /mc_eval_208_10 HTTP/1.1" 200 -
Number of products loaded: 1000
Example product keys: dict_keys(['name', 'full_description', 'pricing', 'images', 'product_category', 'average_rating', 'small_description', 'customization_options', 
'asin', 'category', 'query', 'page', 'Title', 'Description', 'Reviews', 'Rating', 'BulletPoints', 'Price', 'options', 'option_to_image', 'Attributes', 
'instruction_text', 'instruction_attributes', 'MainImage'])
Example product 'name': Vhomes Lights Reclaimed Wood Console Table The Genessis Collection Sofa-Tables
Example product 'full_description': Solid, Reclaimed Fir Wood In Natural, Sun Bleached Finish With Light Antiquing Glaze.
127.0.0.1 - - [29/Mar/2026 23:30:02] "GET /mc_eval_208_10 HTTP/1.1" 200 -
Number of products loaded: 1000
Example product keys: dict_keys(['name', 'full_description', 'pricing', 'images', 'product_category', 'average_rating', 'small_description', 'customization_options', 
'asin', 'category', 'query', 'page', 'Title', 'Description', 'Reviews', 'Rating', 'BulletPoints', 'Price', 'options', 'option_to_image', 'Attributes', 
'instruction_text', 'instruction_attributes', 'MainImage'])
Example product 'name': Vhomes Lights Reclaimed Wood Console Table The Genessis Collection Sofa-Tables
Example product 'full_description': Solid, Reclaimed Fir Wood In Natural, Sun Bleached Finish With Light Antiquing Glaze.
127.0.0.1 - - [29/Mar/2026 23:30:05] "GET /mc_eval_208_10 HTTP/1.1" 200 -
Number of products loaded: 1000
Example product keys: dict_keys(['name', 'full_description', 'pricing', 'images', 'product_category', 'average_rating', 'small_description', 'customization_options', 
'asin', 'category', 'query', 'page', 'Title', 'Description', 'Reviews', 'Rating', 'BulletPoints', 'Price', 'options', 'option_to_image', 'Attributes', 
'instruction_text', 'instruction_attributes', 'MainImage'])
Example product 'name': Vhomes Lights Reclaimed Wood Console Table The Genessis Collection Sofa-Tables
Example product 'full_description': Solid, Reclaimed Fir Wood In Natural, Sun Bleached Finish With Light Antiquing Glaze.
127.0.0.1 - - [29/Mar/2026 23:30:07] "GET /mc_eval_208_10 HTTP/1.1" 200 -
Number of products loaded: 1000
Example product keys: dict_keys(['name', 'full_description', 'pricing', 'images', 'product_category', 'average_rating', 'small_description', 'customization_options', 
'asin', 'category', 'query', 'page', 'Title', 'Description', 'Reviews', 'Rating', 'BulletPoints', 'Price', 'options', 'option_to_image', 'Attributes', 
'instruction_text', 'instruction_attributes', 'MainImage'])
Example product 'name': Vhomes Lights Reclaimed Wood Console Table The Genessis Collection Sofa-Tables
Example product 'full_description': Solid, Reclaimed Fir Wood In Natural, Sun Bleached Finish With Light Antiquing Glaze.
127.0.0.1 - - [29/Mar/2026 23:30:10] "GET /mc_eval_208_10 HTTP/1.1" 200 -
Number of products loaded: 1000
Example product keys: dict_keys(['name', 'full_description', 'pricing', 'images', 'product_category', 'average_rating', 'small_description', 'customization_options', 
'asin', 'category', 'query', 'page', 'Title', 'Description', 'Reviews', 'Rating', 'BulletPoints', 'Price', 'options', 'option_to_image', 'Attributes', 
'instruction_text', 'instruction_attributes', 'MainImage'])
Example product 'name': Vhomes Lights Reclaimed Wood Console Table The Genessis Collection Sofa-Tables
Example product 'full_description': Solid, Reclaimed Fir Wood In Natural, Sun Bleached Finish With Light Antiquing Glaze.
127.0.0.1 - - [29/Mar/2026 23:30:13] "GET /mc_eval_208_10 HTTP/1.1" 200 -
Number of products loaded: 1000
Example product keys: dict_keys(['name', 'full_description', 'pricing', 'images', 'product_category', 'average_rating', 'small_description', 'customization_options', 
'asin', 'category', 'query', 'page', 'Title', 'Description', 'Reviews', 'Rating', 'BulletPoints', 'Price', 'options', 'option_to_image', 'Attributes', 
'instruction_text', 'instruction_attributes', 'MainImage'])
Example product 'name': Vhomes Lights Reclaimed Wood Console Table The Genessis Collection Sofa-Tables
Example product 'full_description': Solid, Reclaimed Fir Wood In Natural, Sun Bleached Finish With Light Antiquing Glaze.
127.0.0.1 - - [29/Mar/2026 23:30:15] "GET /mc_eval_208_10 HTTP/1.1" 200 -
Number of products loaded: 1000
Example product keys: dict_keys(['name', 'full_description', 'pricing', 'images', 'product_category', 'average_rating', 'small_description', 'customization_options', 
'asin', 'category', 'query', 'page', 'Title', 'Description', 'Reviews', 'Rating', 'BulletPoints', 'Price', 'options', 'option_to_image', 'Attributes', 
'instruction_text', 'instruction_attributes', 'MainImage'])
Example product 'name': Vhomes Lights Reclaimed Wood Console Table The Genessis Collection Sofa-Tables
Example product 'full_description': Solid, Reclaimed Fir Wood In Natural, Sun Bleached Finish With Light Antiquing Glaze.
127.0.0.1 - - [29/Mar/2026 23:30:18] "GET /mc_eval_208_10 HTTP/1.1" 200 -
Number of products loaded: 1000
Example product keys: dict_keys(['name', 'full_description', 'pricing', 'images', 'product_category', 'average_rating', 'small_description', 'customization_options', 
'asin', 'category', 'query', 'page', 'Title', 'Description', 'Reviews', 'Rating', 'BulletPoints', 'Price', 'options', 'option_to_image', 'Attributes', 
'instruction_text', 'instruction_attributes', 'MainImage'])
Example product 'name': Vhomes Lights Reclaimed Wood Console Table The Genessis Collection Sofa-Tables
Example product 'full_description': Solid, Reclaimed Fir Wood In Natural, Sun Bleached Finish With Light Antiquing Glaze.
127.0.0.1 - - [29/Mar/2026 23:30:21] "GET /mc_eval_208_10 HTTP/1.1" 200 -
Number of products loaded: 1000
Example product keys: dict_keys(['name', 'full_description', 'pricing', 'images', 'product_category', 'average_rating', 'small_description', 'customization_options', 
'asin', 'category', 'query', 'page', 'Title', 'Description', 'Reviews', 'Rating', 'BulletPoints', 'Price', 'options', 'option_to_image', 'Attributes', 
'instruction_text', 'instruction_attributes', 'MainImage'])
Example product 'name': Vhomes Lights Reclaimed Wood Console Table The Genessis Collection Sofa-Tables
Example product 'full_description': Solid, Reclaimed Fir Wood In Natural, Sun Bleached Finish With Light Antiquing Glaze.
127.0.0.1 - - [29/Mar/2026 23:30:23] "GET /mc_eval_208_10 HTTP/1.1" 200 -
Number of products loaded: 1000
Example product keys: dict_keys(['name', 'full_description', 'pricing', 'images', 'product_category', 'average_rating', 'small_description', 'customization_options', 
'asin', 'category', 'query', 'page', 'Title', 'Description', 'Reviews', 'Rating', 'BulletPoints', 'Price', 'options', 'option_to_image', 'Attributes', 
'instruction_text', 'instruction_attributes', 'MainImage'])
Example product 'name': Vhomes Lights Reclaimed Wood Console Table The Genessis Collection Sofa-Tables
Example product 'full_description': Solid, Reclaimed Fir Wood In Natural, Sun Bleached Finish With Light Antiquing Glaze.
127.0.0.1 - - [29/Mar/2026 23:30:23] "GET /mc_eval_256_11 HTTP/1.1" 200 -
Number of products loaded: 1000
Example product keys: dict_keys(['name', 'full_description', 'pricing', 'images', 'product_category', 'average_rating', 'small_description', 'customization_options', 
'asin', 'category', 'query', 'page', 'Title', 'Description', 'Reviews', 'Rating', 'BulletPoints', 'Price', 'options', 'option_to_image', 'Attributes', 
'instruction_text', 'instruction_attributes', 'MainImage'])
Example product 'name': Vhomes Lights Reclaimed Wood Console Table The Genessis Collection Sofa-Tables
Example product 'full_description': Solid, Reclaimed Fir Wood In Natural, Sun Bleached Finish With Light Antiquing Glaze.
127.0.0.1 - - [29/Mar/2026 23:30:25] "GET /mc_eval_256_11 HTTP/1.1" 200 -
Number of products loaded: 1000
Example product keys: dict_keys(['name', 'full_description', 'pricing', 'images', 'product_category', 'average_rating', 'small_description', 'customization_options', 
'asin', 'category', 'query', 'page', 'Title', 'Description', 'Reviews', 'Rating', 'BulletPoints', 'Price', 'options', 'option_to_image', 'Attributes', 
'instruction_text', 'instruction_attributes', 'MainImage'])
Example product 'name': Vhomes Lights Reclaimed Wood Console Table The Genessis Collection Sofa-Tables
Example product 'full_description': Solid, Reclaimed Fir Wood In Natural, Sun Bleached Finish With Light Antiquing Glaze.
127.0.0.1 - - [29/Mar/2026 23:30:28] "GET /mc_eval_256_11 HTTP/1.1" 200 -
Number of products loaded: 1000
Example product keys: dict_keys(['name', 'full_description', 'pricing', 'images', 'product_category', 'average_rating', 'small_description', 'customization_options', 
'asin', 'category', 'query', 'page', 'Title', 'Description', 'Reviews', 'Rating', 'BulletPoints', 'Price', 'options', 'option_to_image', 'Attributes', 
'instruction_text', 'instruction_attributes', 'MainImage'])
Example product 'name': Vhomes Lights Reclaimed Wood Console Table The Genessis Collection Sofa-Tables
Example product 'full_description': Solid, Reclaimed Fir Wood In Natural, Sun Bleached Finish With Light Antiquing Glaze.
127.0.0.1 - - [29/Mar/2026 23:30:30] "GET /mc_eval_256_11 HTTP/1.1" 200 -
Number of products loaded: 1000
Example product keys: dict_keys(['name', 'full_description', 'pricing', 'images', 'product_category', 'average_rating', 'small_description', 'customization_options', 
'asin', 'category', 'query', 'page', 'Title', 'Description', 'Reviews', 'Rating', 'BulletPoints', 'Price', 'options', 'option_to_image', 'Attributes', 
'instruction_text', 'instruction_attributes', 'MainImage'])
Example product 'name': Vhomes Lights Reclaimed Wood Console Table The Genessis Collection Sofa-Tables
Example product 'full_description': Solid, Reclaimed Fir Wood In Natural, Sun Bleached Finish With Light Antiquing Glaze.
127.0.0.1 - - [29/Mar/2026 23:30:33] "GET /mc_eval_256_11 HTTP/1.1" 200 -
Number of products loaded: 1000
Example product keys: dict_keys(['name', 'full_description', 'pricing', 'images', 'product_category', 'average_rating', 'small_description', 'customization_options', 
'asin', 'category', 'query', 'page', 'Title', 'Description', 'Reviews', 'Rating', 'BulletPoints', 'Price', 'options', 'option_to_image', 'Attributes', 
'instruction_text', 'instruction_attributes', 'MainImage'])
Example product 'name': Vhomes Lights Reclaimed Wood Console Table The Genessis Collection Sofa-Tables
Example product 'full_description': Solid, Reclaimed Fir Wood In Natural, Sun Bleached Finish With Light Antiquing Glaze.
127.0.0.1 - - [29/Mar/2026 23:30:36] "GET /mc_eval_256_11 HTTP/1.1" 200 -
Number of products loaded: 1000
Example product keys: dict_keys(['name', 'full_description', 'pricing', 'images', 'product_category', 'average_rating', 'small_description', 'customization_options', 
'asin', 'category', 'query', 'page', 'Title', 'Description', 'Reviews', 'Rating', 'BulletPoints', 'Price', 'options', 'option_to_image', 'Attributes', 
'instruction_text', 'instruction_attributes', 'MainImage'])
Example product 'name': Vhomes Lights Reclaimed Wood Console Table The Genessis Collection Sofa-Tables
Example product 'full_description': Solid, Reclaimed Fir Wood In Natural, Sun Bleached Finish With Light Antiquing Glaze.
127.0.0.1 - - [29/Mar/2026 23:30:38] "GET /mc_eval_256_11 HTTP/1.1" 200 -
Number of products loaded: 1000
Example product keys: dict_keys(['name', 'full_description', 'pricing', 'images', 'product_category', 'average_rating', 'small_description', 'customization_options', 
'asin', 'category', 'query', 'page', 'Title', 'Description', 'Reviews', 'Rating', 'BulletPoints', 'Price', 'options', 'option_to_image', 'Attributes', 
'instruction_text', 'instruction_attributes', 'MainImage'])
Example product 'name': Vhomes Lights Reclaimed Wood Console Table The Genessis Collection Sofa-Tables
Example product 'full_description': Solid, Reclaimed Fir Wood In Natural, Sun Bleached Finish With Light Antiquing Glaze.
127.0.0.1 - - [29/Mar/2026 23:30:41] "GET /mc_eval_256_11 HTTP/1.1" 200 -
Number of products loaded: 1000
Example product keys: dict_keys(['name', 'full_description', 'pricing', 'images', 'product_category', 'average_rating', 'small_description', 'customization_options', 
'asin', 'category', 'query', 'page', 'Title', 'Description', 'Reviews', 'Rating', 'BulletPoints', 'Price', 'options', 'option_to_image', 'Attributes', 
'instruction_text', 'instruction_attributes', 'MainImage'])
Example product 'name': Vhomes Lights Reclaimed Wood Console Table The Genessis Collection Sofa-Tables
Example product 'full_description': Solid, Reclaimed Fir Wood In Natural, Sun Bleached Finish With Light Antiquing Glaze.
127.0.0.1 - - [29/Mar/2026 23:30:44] "GET /mc_eval_256_11 HTTP/1.1" 200 -
Number of products loaded: 1000
Example product keys: dict_keys(['name', 'full_description', 'pricing', 'images', 'product_category', 'average_rating', 'small_description', 'customization_options', 
'asin', 'category', 'query', 'page', 'Title', 'Description', 'Reviews', 'Rating', 'BulletPoints', 'Price', 'options', 'option_to_image', 'Attributes', 
'instruction_text', 'instruction_attributes', 'MainImage'])
Example product 'name': Vhomes Lights Reclaimed Wood Console Table The Genessis Collection Sofa-Tables
Example product 'full_description': Solid, Reclaimed Fir Wood In Natural, Sun Bleached Finish With Light Antiquing Glaze.
127.0.0.1 - - [29/Mar/2026 23:30:46] "GET /mc_eval_256_11 HTTP/1.1" 200 -
Number of products loaded: 1000
Example product keys: dict_keys(['name', 'full_description', 'pricing', 'images', 'product_category', 'average_rating', 'small_description', 'customization_options', 
'asin', 'category', 'query', 'page', 'Title', 'Description', 'Reviews', 'Rating', 'BulletPoints', 'Price', 'options', 'option_to_image', 'Attributes', 
'instruction_text', 'instruction_attributes', 'MainImage'])
Example product 'name': Vhomes Lights Reclaimed Wood Console Table The Genessis Collection Sofa-Tables
Example product 'full_description': Solid, Reclaimed Fir Wood In Natural, Sun Bleached Finish With Light Antiquing Glaze.
127.0.0.1 - - [29/Mar/2026 23:30:49] "GET /mc_eval_256_11 HTTP/1.1" 200 -
Number of products loaded: 1000
Example product keys: dict_keys(['name', 'full_description', 'pricing', 'images', 'product_category', 'average_rating', 'small_description', 'customization_options', 
'asin', 'category', 'query', 'page', 'Title', 'Description', 'Reviews', 'Rating', 'BulletPoints', 'Price', 'options', 'option_to_image', 'Attributes', 
'instruction_text', 'instruction_attributes', 'MainImage'])
Example product 'name': Vhomes Lights Reclaimed Wood Console Table The Genessis Collection Sofa-Tables
Example product 'full_description': Solid, Reclaimed Fir Wood In Natural, Sun Bleached Finish With Light Antiquing Glaze.
127.0.0.1 - - [29/Mar/2026 23:30:51] "GET /mc_eval_256_11 HTTP/1.1" 200 -
Number of products loaded: 1000
Example product keys: dict_keys(['name', 'full_description', 'pricing', 'images', 'product_category', 'average_rating', 'small_description', 'customization_options', 
'asin', 'category', 'query', 'page', 'Title', 'Description', 'Reviews', 'Rating', 'BulletPoints', 'Price', 'options', 'option_to_image', 'Attributes', 
'instruction_text', 'instruction_attributes', 'MainImage'])
Example product 'name': Vhomes Lights Reclaimed Wood Console Table The Genessis Collection Sofa-Tables
Example product 'full_description': Solid, Reclaimed Fir Wood In Natural, Sun Bleached Finish With Light Antiquing Glaze.
127.0.0.1 - - [29/Mar/2026 23:30:54] "GET /mc_eval_256_11 HTTP/1.1" 200 -
Number of products loaded: 1000
Example product keys: dict_keys(['name', 'full_description', 'pricing', 'images', 'product_category', 'average_rating', 'small_description', 'customization_options', 
'asin', 'category', 'query', 'page', 'Title', 'Description', 'Reviews', 'Rating', 'BulletPoints', 'Price', 'options', 'option_to_image', 'Attributes', 
'instruction_text', 'instruction_attributes', 'MainImage'])
Example product 'name': Vhomes Lights Reclaimed Wood Console Table The Genessis Collection Sofa-Tables
Example product 'full_description': Solid, Reclaimed Fir Wood In Natural, Sun Bleached Finish With Light Antiquing Glaze.
127.0.0.1 - - [29/Mar/2026 23:30:57] "GET /mc_eval_256_11 HTTP/1.1" 200 -
Number of products loaded: 1000
Example product keys: dict_keys(['name', 'full_description', 'pricing', 'images', 'product_category', 'average_rating', 'small_description', 'customization_options', 
'asin', 'category', 'query', 'page', 'Title', 'Description', 'Reviews', 'Rating', 'BulletPoints', 'Price', 'options', 'option_to_image', 'Attributes', 
'instruction_text', 'instruction_attributes', 'MainImage'])
Example product 'name': Vhomes Lights Reclaimed Wood Console Table The Genessis Collection Sofa-Tables
Example product 'full_description': Solid, Reclaimed Fir Wood In Natural, Sun Bleached Finish With Light Antiquing Glaze.
127.0.0.1 - - [29/Mar/2026 23:30:59] "GET /mc_eval_256_11 HTTP/1.1" 200 -
Number of products loaded: 1000
Example product keys: dict_keys(['name', 'full_description', 'pricing', 'images', 'product_category', 'average_rating', 'small_description', 'customization_options', 
'asin', 'category', 'query', 'page', 'Title', 'Description', 'Reviews', 'Rating', 'BulletPoints', 'Price', 'options', 'option_to_image', 'Attributes', 
'instruction_text', 'instruction_attributes', 'MainImage'])
Example product 'name': Vhomes Lights Reclaimed Wood Console Table The Genessis Collection Sofa-Tables
Example product 'full_description': Solid, Reclaimed Fir Wood In Natural, Sun Bleached Finish With Light Antiquing Glaze.
127.0.0.1 - - [29/Mar/2026 23:31:02] "GET /mc_eval_256_11 HTTP/1.1" 200 -
Number of products loaded: 1000
Example product keys: dict_keys(['name', 'full_description', 'pricing', 'images', 'product_category', 'average_rating', 'small_description', 'customization_options', 
'asin', 'category', 'query', 'page', 'Title', 'Description', 'Reviews', 'Rating', 'BulletPoints', 'Price', 'options', 'option_to_image', 'Attributes', 
'instruction_text', 'instruction_attributes', 'MainImage'])
Example product 'name': Vhomes Lights Reclaimed Wood Console Table The Genessis Collection Sofa-Tables
Example product 'full_description': Solid, Reclaimed Fir Wood In Natural, Sun Bleached Finish With Light Antiquing Glaze.
127.0.0.1 - - [29/Mar/2026 23:31:02] "GET /mc_eval_364_12 HTTP/1.1" 200 -
Number of products loaded: 1000
Example product keys: dict_keys(['name', 'full_description', 'pricing', 'images', 'product_category', 'average_rating', 'small_description', 'customization_options', 
'asin', 'category', 'query', 'page', 'Title', 'Description', 'Reviews', 'Rating', 'BulletPoints', 'Price', 'options', 'option_to_image', 'Attributes', 
'instruction_text', 'instruction_attributes', 'MainImage'])
Example product 'name': Vhomes Lights Reclaimed Wood Console Table The Genessis Collection Sofa-Tables
Example product 'full_description': Solid, Reclaimed Fir Wood In Natural, Sun Bleached Finish With Light Antiquing Glaze.
127.0.0.1 - - [29/Mar/2026 23:31:05] "GET /mc_eval_364_12 HTTP/1.1" 200 -
Number of products loaded: 1000
Example product keys: dict_keys(['name', 'full_description', 'pricing', 'images', 'product_category', 'average_rating', 'small_description', 'customization_options', 
'asin', 'category', 'query', 'page', 'Title', 'Description', 'Reviews', 'Rating', 'BulletPoints', 'Price', 'options', 'option_to_image', 'Attributes', 
'instruction_text', 'instruction_attributes', 'MainImage'])
Example product 'name': Vhomes Lights Reclaimed Wood Console Table The Genessis Collection Sofa-Tables
Example product 'full_description': Solid, Reclaimed Fir Wood In Natural, Sun Bleached Finish With Light Antiquing Glaze.
127.0.0.1 - - [29/Mar/2026 23:31:07] "GET /mc_eval_364_12 HTTP/1.1" 200 -
Number of products loaded: 1000
Example product keys: dict_keys(['name', 'full_description', 'pricing', 'images', 'product_category', 'average_rating', 'small_description', 'customization_options', 
'asin', 'category', 'query', 'page', 'Title', 'Description', 'Reviews', 'Rating', 'BulletPoints', 'Price', 'options', 'option_to_image', 'Attributes', 
'instruction_text', 'instruction_attributes', 'MainImage'])
Example product 'name': Vhomes Lights Reclaimed Wood Console Table The Genessis Collection Sofa-Tables
Example product 'full_description': Solid, Reclaimed Fir Wood In Natural, Sun Bleached Finish With Light Antiquing Glaze.
127.0.0.1 - - [29/Mar/2026 23:31:10] "GET /mc_eval_364_12 HTTP/1.1" 200 -
Number of products loaded: 1000
Example product keys: dict_keys(['name', 'full_description', 'pricing', 'images', 'product_category', 'average_rating', 'small_description', 'customization_options', 
'asin', 'category', 'query', 'page', 'Title', 'Description', 'Reviews', 'Rating', 'BulletPoints', 'Price', 'options', 'option_to_image', 'Attributes', 
'instruction_text', 'instruction_attributes', 'MainImage'])
Example product 'name': Vhomes Lights Reclaimed Wood Console Table The Genessis Collection Sofa-Tables
Example product 'full_description': Solid, Reclaimed Fir Wood In Natural, Sun Bleached Finish With Light Antiquing Glaze.
127.0.0.1 - - [29/Mar/2026 23:31:13] "GET /mc_eval_364_12 HTTP/1.1" 200 -
Number of products loaded: 1000
Example product keys: dict_keys(['name', 'full_description', 'pricing', 'images', 'product_category', 'average_rating', 'small_description', 'customization_options', 
'asin', 'category', 'query', 'page', 'Title', 'Description', 'Reviews', 'Rating', 'BulletPoints', 'Price', 'options', 'option_to_image', 'Attributes', 
'instruction_text', 'instruction_attributes', 'MainImage'])
Example product 'name': Vhomes Lights Reclaimed Wood Console Table The Genessis Collection Sofa-Tables
Example product 'full_description': Solid, Reclaimed Fir Wood In Natural, Sun Bleached Finish With Light Antiquing Glaze.
127.0.0.1 - - [29/Mar/2026 23:31:15] "GET /mc_eval_364_12 HTTP/1.1" 200 -
Number of products loaded: 1000
Example product keys: dict_keys(['name', 'full_description', 'pricing', 'images', 'product_category', 'average_rating', 'small_description', 'customization_options', 
'asin', 'category', 'query', 'page', 'Title', 'Description', 'Reviews', 'Rating', 'BulletPoints', 'Price', 'options', 'option_to_image', 'Attributes', 
'instruction_text', 'instruction_attributes', 'MainImage'])
Example product 'name': Vhomes Lights Reclaimed Wood Console Table The Genessis Collection Sofa-Tables
Example product 'full_description': Solid, Reclaimed Fir Wood In Natural, Sun Bleached Finish With Light Antiquing Glaze.
127.0.0.1 - - [29/Mar/2026 23:31:18] "GET /mc_eval_364_12 HTTP/1.1" 200 -
Number of products loaded: 1000
Example product keys: dict_keys(['name', 'full_description', 'pricing', 'images', 'product_category', 'average_rating', 'small_description', 'customization_options', 
'asin', 'category', 'query', 'page', 'Title', 'Description', 'Reviews', 'Rating', 'BulletPoints', 'Price', 'options', 'option_to_image', 'Attributes', 
'instruction_text', 'instruction_attributes', 'MainImage'])
Example product 'name': Vhomes Lights Reclaimed Wood Console Table The Genessis Collection Sofa-Tables
Example product 'full_description': Solid, Reclaimed Fir Wood In Natural, Sun Bleached Finish With Light Antiquing Glaze.
127.0.0.1 - - [29/Mar/2026 23:31:20] "GET /mc_eval_364_12 HTTP/1.1" 200 -
Number of products loaded: 1000
Example product keys: dict_keys(['name', 'full_description', 'pricing', 'images', 'product_category', 'average_rating', 'small_description', 'customization_options', 
'asin', 'category', 'query', 'page', 'Title', 'Description', 'Reviews', 'Rating', 'BulletPoints', 'Price', 'options', 'option_to_image', 'Attributes', 
'instruction_text', 'instruction_attributes', 'MainImage'])
Example product 'name': Vhomes Lights Reclaimed Wood Console Table The Genessis Collection Sofa-Tables
Example product 'full_description': Solid, Reclaimed Fir Wood In Natural, Sun Bleached Finish With Light Antiquing Glaze.
127.0.0.1 - - [29/Mar/2026 23:31:23] "GET /mc_eval_364_12 HTTP/1.1" 200 -
Number of products loaded: 1000
Example product keys: dict_keys(['name', 'full_description', 'pricing', 'images', 'product_category', 'average_rating', 'small_description', 'customization_options', 
'asin', 'category', 'query', 'page', 'Title', 'Description', 'Reviews', 'Rating', 'BulletPoints', 'Price', 'options', 'option_to_image', 'Attributes', 
'instruction_text', 'instruction_attributes', 'MainImage'])
Example product 'name': Vhomes Lights Reclaimed Wood Console Table The Genessis Collection Sofa-Tables
Example product 'full_description': Solid, Reclaimed Fir Wood In Natural, Sun Bleached Finish With Light Antiquing Glaze.
127.0.0.1 - - [29/Mar/2026 23:31:26] "GET /mc_eval_364_12 HTTP/1.1" 200 -
Number of products loaded: 1000
Example product keys: dict_keys(['name', 'full_description', 'pricing', 'images', 'product_category', 'average_rating', 'small_description', 'customization_options', 
'asin', 'category', 'query', 'page', 'Title', 'Description', 'Reviews', 'Rating', 'BulletPoints', 'Price', 'options', 'option_to_image', 'Attributes', 
'instruction_text', 'instruction_attributes', 'MainImage'])
Example product 'name': Vhomes Lights Reclaimed Wood Console Table The Genessis Collection Sofa-Tables
Example product 'full_description': Solid, Reclaimed Fir Wood In Natural, Sun Bleached Finish With Light Antiquing Glaze.
127.0.0.1 - - [29/Mar/2026 23:31:27] "GET /mc_eval_364_12 HTTP/1.1" 200 -
Number of products loaded: 1000
Example product keys: dict_keys(['name', 'full_description', 'pricing', 'images', 'product_category', 'average_rating', 'small_description', 'customization_options', 
'asin', 'category', 'query', 'page', 'Title', 'Description', 'Reviews', 'Rating', 'BulletPoints', 'Price', 'options', 'option_to_image', 'Attributes', 
'instruction_text', 'instruction_attributes', 'MainImage'])
Example product 'name': Vhomes Lights Reclaimed Wood Console Table The Genessis Collection Sofa-Tables
Example product 'full_description': Solid, Reclaimed Fir Wood In Natural, Sun Bleached Finish With Light Antiquing Glaze.
127.0.0.1 - - [29/Mar/2026 23:31:30] "GET /mc_eval_364_12 HTTP/1.1" 200 -
Number of products loaded: 1000
Example product keys: dict_keys(['name', 'full_description', 'pricing', 'images', 'product_category', 'average_rating', 'small_description', 'customization_options', 
'asin', 'category', 'query', 'page', 'Title', 'Description', 'Reviews', 'Rating', 'BulletPoints', 'Price', 'options', 'option_to_image', 'Attributes', 
'instruction_text', 'instruction_attributes', 'MainImage'])
Example product 'name': Vhomes Lights Reclaimed Wood Console Table The Genessis Collection Sofa-Tables
Example product 'full_description': Solid, Reclaimed Fir Wood In Natural, Sun Bleached Finish With Light Antiquing Glaze.
127.0.0.1 - - [29/Mar/2026 23:31:32] "GET /mc_eval_364_12 HTTP/1.1" 200 -
Number of products loaded: 1000
Example product keys: dict_keys(['name', 'full_description', 'pricing', 'images', 'product_category', 'average_rating', 'small_description', 'customization_options', 
'asin', 'category', 'query', 'page', 'Title', 'Description', 'Reviews', 'Rating', 'BulletPoints', 'Price', 'options', 'option_to_image', 'Attributes', 
'instruction_text', 'instruction_attributes', 'MainImage'])
Example product 'name': Vhomes Lights Reclaimed Wood Console Table The Genessis Collection Sofa-Tables
Example product 'full_description': Solid, Reclaimed Fir Wood In Natural, Sun Bleached Finish With Light Antiquing Glaze.
127.0.0.1 - - [29/Mar/2026 23:31:35] "GET /mc_eval_364_12 HTTP/1.1" 200 -
Number of products loaded: 1000
Example product keys: dict_keys(['name', 'full_description', 'pricing', 'images', 'product_category', 'average_rating', 'small_description', 'customization_options', 
'asin', 'category', 'query', 'page', 'Title', 'Description', 'Reviews', 'Rating', 'BulletPoints', 'Price', 'options', 'option_to_image', 'Attributes', 
'instruction_text', 'instruction_attributes', 'MainImage'])
Example product 'name': Vhomes Lights Reclaimed Wood Console Table The Genessis Collection Sofa-Tables
Example product 'full_description': Solid, Reclaimed Fir Wood In Natural, Sun Bleached Finish With Light Antiquing Glaze.
127.0.0.1 - - [29/Mar/2026 23:31:38] "GET /mc_eval_364_12 HTTP/1.1" 200 -
Number of products loaded: 1000
Example product keys: dict_keys(['name', 'full_description', 'pricing', 'images', 'product_category', 'average_rating', 'small_description', 'customization_options', 
'asin', 'category', 'query', 'page', 'Title', 'Description', 'Reviews', 'Rating', 'BulletPoints', 'Price', 'options', 'option_to_image', 'Attributes', 
'instruction_text', 'instruction_attributes', 'MainImage'])
Example product 'name': Vhomes Lights Reclaimed Wood Console Table The Genessis Collection Sofa-Tables
Example product 'full_description': Solid, Reclaimed Fir Wood In Natural, Sun Bleached Finish With Light Antiquing Glaze.
127.0.0.1 - - [29/Mar/2026 23:31:40] "GET /mc_eval_364_12 HTTP/1.1" 200 -
Number of products loaded: 1000
Example product keys: dict_keys(['name', 'full_description', 'pricing', 'images', 'product_category', 'average_rating', 'small_description', 'customization_options', 
'asin', 'category', 'query', 'page', 'Title', 'Description', 'Reviews', 'Rating', 'BulletPoints', 'Price', 'options', 'option_to_image', 'Attributes', 
'instruction_text', 'instruction_attributes', 'MainImage'])
Example product 'name': Vhomes Lights Reclaimed Wood Console Table The Genessis Collection Sofa-Tables
Example product 'full_description': Solid, Reclaimed Fir Wood In Natural, Sun Bleached Finish With Light Antiquing Glaze.
127.0.0.1 - - [29/Mar/2026 23:31:40] "GET /mc_eval_444_13 HTTP/1.1" 200 -
Number of products loaded: 1000
Example product keys: dict_keys(['name', 'full_description', 'pricing', 'images', 'product_category', 'average_rating', 'small_description', 'customization_options', 
'asin', 'category', 'query', 'page', 'Title', 'Description', 'Reviews', 'Rating', 'BulletPoints', 'Price', 'options', 'option_to_image', 'Attributes', 
'instruction_text', 'instruction_attributes', 'MainImage'])
Example product 'name': Vhomes Lights Reclaimed Wood Console Table The Genessis Collection Sofa-Tables
Example product 'full_description': Solid, Reclaimed Fir Wood In Natural, Sun Bleached Finish With Light Antiquing Glaze.
127.0.0.1 - - [29/Mar/2026 23:31:43] "GET /mc_eval_444_13 HTTP/1.1" 200 -
Number of products loaded: 1000
Example product keys: dict_keys(['name', 'full_description', 'pricing', 'images', 'product_category', 'average_rating', 'small_description', 'customization_options', 
'asin', 'category', 'query', 'page', 'Title', 'Description', 'Reviews', 'Rating', 'BulletPoints', 'Price', 'options', 'option_to_image', 'Attributes', 
'instruction_text', 'instruction_attributes', 'MainImage'])
Example product 'name': Vhomes Lights Reclaimed Wood Console Table The Genessis Collection Sofa-Tables
Example product 'full_description': Solid, Reclaimed Fir Wood In Natural, Sun Bleached Finish With Light Antiquing Glaze.
127.0.0.1 - - [29/Mar/2026 23:31:46] "GET /mc_eval_444_13 HTTP/1.1" 200 -
Number of products loaded: 1000
Example product keys: dict_keys(['name', 'full_description', 'pricing', 'images', 'product_category', 'average_rating', 'small_description', 'customization_options', 
'asin', 'category', 'query', 'page', 'Title', 'Description', 'Reviews', 'Rating', 'BulletPoints', 'Price', 'options', 'option_to_image', 'Attributes', 
'instruction_text', 'instruction_attributes', 'MainImage'])
Example product 'name': Vhomes Lights Reclaimed Wood Console Table The Genessis Collection Sofa-Tables
Example product 'full_description': Solid, Reclaimed Fir Wood In Natural, Sun Bleached Finish With Light Antiquing Glaze.
127.0.0.1 - - [29/Mar/2026 23:31:48] "GET /mc_eval_444_13 HTTP/1.1" 200 -
Number of products loaded: 1000
Example product keys: dict_keys(['name', 'full_description', 'pricing', 'images', 'product_category', 'average_rating', 'small_description', 'customization_options', 
'asin', 'category', 'query', 'page', 'Title', 'Description', 'Reviews', 'Rating', 'BulletPoints', 'Price', 'options', 'option_to_image', 'Attributes', 
'instruction_text', 'instruction_attributes', 'MainImage'])
Example product 'name': Vhomes Lights Reclaimed Wood Console Table The Genessis Collection Sofa-Tables
Example product 'full_description': Solid, Reclaimed Fir Wood In Natural, Sun Bleached Finish With Light Antiquing Glaze.
127.0.0.1 - - [29/Mar/2026 23:31:51] "GET /mc_eval_444_13 HTTP/1.1" 200 -
Number of products loaded: 1000
Example product keys: dict_keys(['name', 'full_description', 'pricing', 'images', 'product_category', 'average_rating', 'small_description', 'customization_options', 
'asin', 'category', 'query', 'page', 'Title', 'Description', 'Reviews', 'Rating', 'BulletPoints', 'Price', 'options', 'option_to_image', 'Attributes', 
'instruction_text', 'instruction_attributes', 'MainImage'])
Example product 'name': Vhomes Lights Reclaimed Wood Console Table The Genessis Collection Sofa-Tables
Example product 'full_description': Solid, Reclaimed Fir Wood In Natural, Sun Bleached Finish With Light Antiquing Glaze.
127.0.0.1 - - [29/Mar/2026 23:31:54] "GET /mc_eval_444_13 HTTP/1.1" 200 -
Number of products loaded: 1000
Example product keys: dict_keys(['name', 'full_description', 'pricing', 'images', 'product_category', 'average_rating', 'small_description', 'customization_options', 
'asin', 'category', 'query', 'page', 'Title', 'Description', 'Reviews', 'Rating', 'BulletPoints', 'Price', 'options', 'option_to_image', 'Attributes', 
'instruction_text', 'instruction_attributes', 'MainImage'])
Example product 'name': Vhomes Lights Reclaimed Wood Console Table The Genessis Collection Sofa-Tables
Example product 'full_description': Solid, Reclaimed Fir Wood In Natural, Sun Bleached Finish With Light Antiquing Glaze.
127.0.0.1 - - [29/Mar/2026 23:31:56] "GET /mc_eval_444_13 HTTP/1.1" 200 -
Number of products loaded: 1000
Example product keys: dict_keys(['name', 'full_description', 'pricing', 'images', 'product_category', 'average_rating', 'small_description', 'customization_options', 
'asin', 'category', 'query', 'page', 'Title', 'Description', 'Reviews', 'Rating', 'BulletPoints', 'Price', 'options', 'option_to_image', 'Attributes', 
'instruction_text', 'instruction_attributes', 'MainImage'])
Example product 'name': Vhomes Lights Reclaimed Wood Console Table The Genessis Collection Sofa-Tables
Example product 'full_description': Solid, Reclaimed Fir Wood In Natural, Sun Bleached Finish With Light Antiquing Glaze.
127.0.0.1 - - [29/Mar/2026 23:31:59] "GET /mc_eval_444_13 HTTP/1.1" 200 -
Number of products loaded: 1000
Example product keys: dict_keys(['name', 'full_description', 'pricing', 'images', 'product_category', 'average_rating', 'small_description', 'customization_options', 
'asin', 'category', 'query', 'page', 'Title', 'Description', 'Reviews', 'Rating', 'BulletPoints', 'Price', 'options', 'option_to_image', 'Attributes', 
'instruction_text', 'instruction_attributes', 'MainImage'])
Example product 'name': Vhomes Lights Reclaimed Wood Console Table The Genessis Collection Sofa-Tables
Example product 'full_description': Solid, Reclaimed Fir Wood In Natural, Sun Bleached Finish With Light Antiquing Glaze.
127.0.0.1 - - [29/Mar/2026 23:32:01] "GET /mc_eval_444_13 HTTP/1.1" 200 -
Number of products loaded: 1000
Example product keys: dict_keys(['name', 'full_description', 'pricing', 'images', 'product_category', 'average_rating', 'small_description', 'customization_options', 
'asin', 'category', 'query', 'page', 'Title', 'Description', 'Reviews', 'Rating', 'BulletPoints', 'Price', 'options', 'option_to_image', 'Attributes', 
'instruction_text', 'instruction_attributes', 'MainImage'])
Example product 'name': Vhomes Lights Reclaimed Wood Console Table The Genessis Collection Sofa-Tables
Example product 'full_description': Solid, Reclaimed Fir Wood In Natural, Sun Bleached Finish With Light Antiquing Glaze.
127.0.0.1 - - [29/Mar/2026 23:32:04] "GET /mc_eval_444_13 HTTP/1.1" 200 -
Number of products loaded: 1000
Example product keys: dict_keys(['name', 'full_description', 'pricing', 'images', 'product_category', 'average_rating', 'small_description', 'customization_options', 
'asin', 'category', 'query', 'page', 'Title', 'Description', 'Reviews', 'Rating', 'BulletPoints', 'Price', 'options', 'option_to_image', 'Attributes', 
'instruction_text', 'instruction_attributes', 'MainImage'])
Example product 'name': Vhomes Lights Reclaimed Wood Console Table The Genessis Collection Sofa-Tables
Example product 'full_description': Solid, Reclaimed Fir Wood In Natural, Sun Bleached Finish With Light Antiquing Glaze.
127.0.0.1 - - [29/Mar/2026 23:32:07] "GET /mc_eval_444_13 HTTP/1.1" 200 -
Number of products loaded: 1000
Example product keys: dict_keys(['name', 'full_description', 'pricing', 'images', 'product_category', 'average_rating', 'small_description', 'customization_options', 
'asin', 'category', 'query', 'page', 'Title', 'Description', 'Reviews', 'Rating', 'BulletPoints', 'Price', 'options', 'option_to_image', 'Attributes', 
'instruction_text', 'instruction_attributes', 'MainImage'])
Example product 'name': Vhomes Lights Reclaimed Wood Console Table The Genessis Collection Sofa-Tables
Example product 'full_description': Solid, Reclaimed Fir Wood In Natural, Sun Bleached Finish With Light Antiquing Glaze.
127.0.0.1 - - [29/Mar/2026 23:32:09] "GET /mc_eval_444_13 HTTP/1.1" 200 -
Number of products loaded: 1000
Example product keys: dict_keys(['name', 'full_description', 'pricing', 'images', 'product_category', 'average_rating', 'small_description', 'customization_options', 
'asin', 'category', 'query', 'page', 'Title', 'Description', 'Reviews', 'Rating', 'BulletPoints', 'Price', 'options', 'option_to_image', 'Attributes', 
'instruction_text', 'instruction_attributes', 'MainImage'])
Example product 'name': Vhomes Lights Reclaimed Wood Console Table The Genessis Collection Sofa-Tables
Example product 'full_description': Solid, Reclaimed Fir Wood In Natural, Sun Bleached Finish With Light Antiquing Glaze.
127.0.0.1 - - [29/Mar/2026 23:32:12] "GET /mc_eval_444_13 HTTP/1.1" 200 -
Number of products loaded: 1000
Example product keys: dict_keys(['name', 'full_description', 'pricing', 'images', 'product_category', 'average_rating', 'small_description', 'customization_options', 
'asin', 'category', 'query', 'page', 'Title', 'Description', 'Reviews', 'Rating', 'BulletPoints', 'Price', 'options', 'option_to_image', 'Attributes', 
'instruction_text', 'instruction_attributes', 'MainImage'])
Example product 'name': Vhomes Lights Reclaimed Wood Console Table The Genessis Collection Sofa-Tables
Example product 'full_description': Solid, Reclaimed Fir Wood In Natural, Sun Bleached Finish With Light Antiquing Glaze.
127.0.0.1 - - [29/Mar/2026 23:32:15] "GET /mc_eval_444_13 HTTP/1.1" 200 -
Number of products loaded: 1000
Example product keys: dict_keys(['name', 'full_description', 'pricing', 'images', 'product_category', 'average_rating', 'small_description', 'customization_options', 
'asin', 'category', 'query', 'page', 'Title', 'Description', 'Reviews', 'Rating', 'BulletPoints', 'Price', 'options', 'option_to_image', 'Attributes', 
'instruction_text', 'instruction_attributes', 'MainImage'])
Example product 'name': Vhomes Lights Reclaimed Wood Console Table The Genessis Collection Sofa-Tables
Example product 'full_description': Solid, Reclaimed Fir Wood In Natural, Sun Bleached Finish With Light Antiquing Glaze.
127.0.0.1 - - [29/Mar/2026 23:32:17] "GET /mc_eval_444_13 HTTP/1.1" 200 -
Number of products loaded: 1000
Example product keys: dict_keys(['name', 'full_description', 'pricing', 'images', 'product_category', 'average_rating', 'small_description', 'customization_options', 
'asin', 'category', 'query', 'page', 'Title', 'Description', 'Reviews', 'Rating', 'BulletPoints', 'Price', 'options', 'option_to_image', 'Attributes', 
'instruction_text', 'instruction_attributes', 'MainImage'])
Example product 'name': Vhomes Lights Reclaimed Wood Console Table The Genessis Collection Sofa-Tables
Example product 'full_description': Solid, Reclaimed Fir Wood In Natural, Sun Bleached Finish With Light Antiquing Glaze.
127.0.0.1 - - [29/Mar/2026 23:32:20] "GET /mc_eval_444_13 HTTP/1.1" 200 -
Number of products loaded: 1000
Example product keys: dict_keys(['name', 'full_description', 'pricing', 'images', 'product_category', 'average_rating', 'small_description', 'customization_options', 
'asin', 'category', 'query', 'page', 'Title', 'Description', 'Reviews', 'Rating', 'BulletPoints', 'Price', 'options', 'option_to_image', 'Attributes', 
'instruction_text', 'instruction_attributes', 'MainImage'])
Example product 'name': Vhomes Lights Reclaimed Wood Console Table The Genessis Collection Sofa-Tables
Example product 'full_description': Solid, Reclaimed Fir Wood In Natural, Sun Bleached Finish With Light Antiquing Glaze.
127.0.0.1 - - [29/Mar/2026 23:32:20] "GET /mc_eval_448_14 HTTP/1.1" 200 -
Number of products loaded: 1000
Example product keys: dict_keys(['name', 'full_description', 'pricing', 'images', 'product_category', 'average_rating', 'small_description', 'customization_options', 
'asin', 'category', 'query', 'page', 'Title', 'Description', 'Reviews', 'Rating', 'BulletPoints', 'Price', 'options', 'option_to_image', 'Attributes', 
'instruction_text', 'instruction_attributes', 'MainImage'])
Example product 'name': Vhomes Lights Reclaimed Wood Console Table The Genessis Collection Sofa-Tables
Example product 'full_description': Solid, Reclaimed Fir Wood In Natural, Sun Bleached Finish With Light Antiquing Glaze.
127.0.0.1 - - [29/Mar/2026 23:32:23] "GET /mc_eval_448_14 HTTP/1.1" 200 -
Number of products loaded: 1000
Example product keys: dict_keys(['name', 'full_description', 'pricing', 'images', 'product_category', 'average_rating', 'small_description', 'customization_options', 
'asin', 'category', 'query', 'page', 'Title', 'Description', 'Reviews', 'Rating', 'BulletPoints', 'Price', 'options', 'option_to_image', 'Attributes', 
'instruction_text', 'instruction_attributes', 'MainImage'])
Example product 'name': Vhomes Lights Reclaimed Wood Console Table The Genessis Collection Sofa-Tables
Example product 'full_description': Solid, Reclaimed Fir Wood In Natural, Sun Bleached Finish With Light Antiquing Glaze.
127.0.0.1 - - [29/Mar/2026 23:32:25] "GET /mc_eval_448_14 HTTP/1.1" 200 -
Number of products loaded: 1000
Example product keys: dict_keys(['name', 'full_description', 'pricing', 'images', 'product_category', 'average_rating', 'small_description', 'customization_options', 
'asin', 'category', 'query', 'page', 'Title', 'Description', 'Reviews', 'Rating', 'BulletPoints', 'Price', 'options', 'option_to_image', 'Attributes', 
'instruction_text', 'instruction_attributes', 'MainImage'])
Example product 'name': Vhomes Lights Reclaimed Wood Console Table The Genessis Collection Sofa-Tables
Example product 'full_description': Solid, Reclaimed Fir Wood In Natural, Sun Bleached Finish With Light Antiquing Glaze.
127.0.0.1 - - [29/Mar/2026 23:32:28] "GET /mc_eval_448_14 HTTP/1.1" 200 -
Number of products loaded: 1000
Example product keys: dict_keys(['name', 'full_description', 'pricing', 'images', 'product_category', 'average_rating', 'small_description', 'customization_options', 
'asin', 'category', 'query', 'page', 'Title', 'Description', 'Reviews', 'Rating', 'BulletPoints', 'Price', 'options', 'option_to_image', 'Attributes', 
'instruction_text', 'instruction_attributes', 'MainImage'])
Example product 'name': Vhomes Lights Reclaimed Wood Console Table The Genessis Collection Sofa-Tables
Example product 'full_description': Solid, Reclaimed Fir Wood In Natural, Sun Bleached Finish With Light Antiquing Glaze.
127.0.0.1 - - [29/Mar/2026 23:32:30] "GET /mc_eval_448_14 HTTP/1.1" 200 -
Number of products loaded: 1000
Example product keys: dict_keys(['name', 'full_description', 'pricing', 'images', 'product_category', 'average_rating', 'small_description', 'customization_options', 
'asin', 'category', 'query', 'page', 'Title', 'Description', 'Reviews', 'Rating', 'BulletPoints', 'Price', 'options', 'option_to_image', 'Attributes', 
'instruction_text', 'instruction_attributes', 'MainImage'])
Example product 'name': Vhomes Lights Reclaimed Wood Console Table The Genessis Collection Sofa-Tables
Example product 'full_description': Solid, Reclaimed Fir Wood In Natural, Sun Bleached Finish With Light Antiquing Glaze.
127.0.0.1 - - [29/Mar/2026 23:32:31] "GET /mc_eval_448_14 HTTP/1.1" 200 -
Number of products loaded: 1000
Example product keys: dict_keys(['name', 'full_description', 'pricing', 'images', 'product_category', 'average_rating', 'small_description', 'customization_options', 
'asin', 'category', 'query', 'page', 'Title', 'Description', 'Reviews', 'Rating', 'BulletPoints', 'Price', 'options', 'option_to_image', 'Attributes', 
'instruction_text', 'instruction_attributes', 'MainImage'])
Example product 'name': Vhomes Lights Reclaimed Wood Console Table The Genessis Collection Sofa-Tables
Example product 'full_description': Solid, Reclaimed Fir Wood In Natural, Sun Bleached Finish With Light Antiquing Glaze.
127.0.0.1 - - [29/Mar/2026 23:32:33] "GET /mc_eval_448_14 HTTP/1.1" 200 -
Number of products loaded: 1000
Example product keys: dict_keys(['name', 'full_description', 'pricing', 'images', 'product_category', 'average_rating', 'small_description', 'customization_options', 
'asin', 'category', 'query', 'page', 'Title', 'Description', 'Reviews', 'Rating', 'BulletPoints', 'Price', 'options', 'option_to_image', 'Attributes', 
'instruction_text', 'instruction_attributes', 'MainImage'])
Example product 'name': Vhomes Lights Reclaimed Wood Console Table The Genessis Collection Sofa-Tables
Example product 'full_description': Solid, Reclaimed Fir Wood In Natural, Sun Bleached Finish With Light Antiquing Glaze.
127.0.0.1 - - [29/Mar/2026 23:32:36] "GET /mc_eval_448_14 HTTP/1.1" 200 -
Number of products loaded: 1000
Example product keys: dict_keys(['name', 'full_description', 'pricing', 'images', 'product_category', 'average_rating', 'small_description', 'customization_options', 
'asin', 'category', 'query', 'page', 'Title', 'Description', 'Reviews', 'Rating', 'BulletPoints', 'Price', 'options', 'option_to_image', 'Attributes', 
'instruction_text', 'instruction_attributes', 'MainImage'])
Example product 'name': Vhomes Lights Reclaimed Wood Console Table The Genessis Collection Sofa-Tables
Example product 'full_description': Solid, Reclaimed Fir Wood In Natural, Sun Bleached Finish With Light Antiquing Glaze.
127.0.0.1 - - [29/Mar/2026 23:32:39] "GET /mc_eval_448_14 HTTP/1.1" 200 -
Number of products loaded: 1000
Example product keys: dict_keys(['name', 'full_description', 'pricing', 'images', 'product_category', 'average_rating', 'small_description', 'customization_options', 
'asin', 'category', 'query', 'page', 'Title', 'Description', 'Reviews', 'Rating', 'BulletPoints', 'Price', 'options', 'option_to_image', 'Attributes', 
'instruction_text', 'instruction_attributes', 'MainImage'])
Example product 'name': Vhomes Lights Reclaimed Wood Console Table The Genessis Collection Sofa-Tables
Example product 'full_description': Solid, Reclaimed Fir Wood In Natural, Sun Bleached Finish With Light Antiquing Glaze.
127.0.0.1 - - [29/Mar/2026 23:32:41] "GET /mc_eval_448_14 HTTP/1.1" 200 -
Number of products loaded: 1000
Example product keys: dict_keys(['name', 'full_description', 'pricing', 'images', 'product_category', 'average_rating', 'small_description', 'customization_options', 
'asin', 'category', 'query', 'page', 'Title', 'Description', 'Reviews', 'Rating', 'BulletPoints', 'Price', 'options', 'option_to_image', 'Attributes', 
'instruction_text', 'instruction_attributes', 'MainImage'])
Example product 'name': Vhomes Lights Reclaimed Wood Console Table The Genessis Collection Sofa-Tables
Example product 'full_description': Solid, Reclaimed Fir Wood In Natural, Sun Bleached Finish With Light Antiquing Glaze.
127.0.0.1 - - [29/Mar/2026 23:32:44] "GET /mc_eval_448_14 HTTP/1.1" 200 -
Number of products loaded: 1000
Example product keys: dict_keys(['name', 'full_description', 'pricing', 'images', 'product_category', 'average_rating', 'small_description', 'customization_options', 
'asin', 'category', 'query', 'page', 'Title', 'Description', 'Reviews', 'Rating', 'BulletPoints', 'Price', 'options', 'option_to_image', 'Attributes', 
'instruction_text', 'instruction_attributes', 'MainImage'])
Example product 'name': Vhomes Lights Reclaimed Wood Console Table The Genessis Collection Sofa-Tables
Example product 'full_description': Solid, Reclaimed Fir Wood In Natural, Sun Bleached Finish With Light Antiquing Glaze.
127.0.0.1 - - [29/Mar/2026 23:32:46] "GET /mc_eval_448_14 HTTP/1.1" 200 -
Number of products loaded: 1000
Example product keys: dict_keys(['name', 'full_description', 'pricing', 'images', 'product_category', 'average_rating', 'small_description', 'customization_options', 
'asin', 'category', 'query', 'page', 'Title', 'Description', 'Reviews', 'Rating', 'BulletPoints', 'Price', 'options', 'option_to_image', 'Attributes', 
'instruction_text', 'instruction_attributes', 'MainImage'])
Example product 'name': Vhomes Lights Reclaimed Wood Console Table The Genessis Collection Sofa-Tables
Example product 'full_description': Solid, Reclaimed Fir Wood In Natural, Sun Bleached Finish With Light Antiquing Glaze.
127.0.0.1 - - [29/Mar/2026 23:32:49] "GET /mc_eval_448_14 HTTP/1.1" 200 -
Number of products loaded: 1000
Example product keys: dict_keys(['name', 'full_description', 'pricing', 'images', 'product_category', 'average_rating', 'small_description', 'customization_options', 
'asin', 'category', 'query', 'page', 'Title', 'Description', 'Reviews', 'Rating', 'BulletPoints', 'Price', 'options', 'option_to_image', 'Attributes', 
'instruction_text', 'instruction_attributes', 'MainImage'])
Example product 'name': Vhomes Lights Reclaimed Wood Console Table The Genessis Collection Sofa-Tables
Example product 'full_description': Solid, Reclaimed Fir Wood In Natural, Sun Bleached Finish With Light Antiquing Glaze.
127.0.0.1 - - [29/Mar/2026 23:32:52] "GET /mc_eval_448_14 HTTP/1.1" 200 -
127.0.0.1 - - [29/Mar/2026 23:35:43] "[32mGET / HTTP/1.1[0m" 302 -
Number of products loaded: 1000
Example product keys: dict_keys(['name', 'full_description', 'pricing', 'images', 'product_category', 'average_rating', 'small_description', 'customization_options', 
'asin', 'category', 'query', 'page', 'Title', 'Description', 'Reviews', 'Rating', 'BulletPoints', 'Price', 'options', 'option_to_image', 'Attributes', 
'instruction_text', 'instruction_attributes', 'MainImage'])
Example product 'name': Vhomes Lights Reclaimed Wood Console Table The Genessis Collection Sofa-Tables
Example product 'full_description': Solid, Reclaimed Fir Wood In Natural, Sun Bleached Finish With Light Antiquing Glaze.
127.0.0.1 - - [29/Mar/2026 23:35:43] "GET /abc HTTP/1.1" 200 -
Number of products loaded: 1000
Example product keys: dict_keys(['name', 'full_description', 'pricing', 'images', 'product_category', 'average_rating', 'small_description', 'customization_options', 
'asin', 'category', 'query', 'page', 'Title', 'Description', 'Reviews', 'Rating', 'BulletPoints', 'Price', 'options', 'option_to_image', 'Attributes', 
'instruction_text', 'instruction_attributes', 'MainImage'])
Example product 'name': Vhomes Lights Reclaimed Wood Console Table The Genessis Collection Sofa-Tables
Example product 'full_description': Solid, Reclaimed Fir Wood In Natural, Sun Bleached Finish With Light Antiquing Glaze.
127.0.0.1 - - [29/Mar/2026 23:35:43] "GET /mc_eval_4_0 HTTP/1.1" 200 -
Number of products loaded: 1000
Example product keys: dict_keys(['name', 'full_description', 'pricing', 'images', 'product_category', 'average_rating', 'small_description', 'customization_options', 
'asin', 'category', 'query', 'page', 'Title', 'Description', 'Reviews', 'Rating', 'BulletPoints', 'Price', 'options', 'option_to_image', 'Attributes', 
'instruction_text', 'instruction_attributes', 'MainImage'])
Example product 'name': Vhomes Lights Reclaimed Wood Console Table The Genessis Collection Sofa-Tables
Example product 'full_description': Solid, Reclaimed Fir Wood In Natural, Sun Bleached Finish With Light Antiquing Glaze.
127.0.0.1 - - [29/Mar/2026 23:35:46] "GET /mc_eval_4_0 HTTP/1.1" 200 -
Number of products loaded: 1000
Example product keys: dict_keys(['name', 'full_description', 'pricing', 'images', 'product_category', 'average_rating', 'small_description', 'customization_options', 
'asin', 'category', 'query', 'page', 'Title', 'Description', 'Reviews', 'Rating', 'BulletPoints', 'Price', 'options', 'option_to_image', 'Attributes', 
'instruction_text', 'instruction_attributes', 'MainImage'])
Example product 'name': Vhomes Lights Reclaimed Wood Console Table The Genessis Collection Sofa-Tables
Example product 'full_description': Solid, Reclaimed Fir Wood In Natural, Sun Bleached Finish With Light Antiquing Glaze.
127.0.0.1 - - [29/Mar/2026 23:35:49] "GET /mc_eval_4_0 HTTP/1.1" 200 -
Number of products loaded: 1000
Example product keys: dict_keys(['name', 'full_description', 'pricing', 'images', 'product_category', 'average_rating', 'small_description', 'customization_options', 
'asin', 'category', 'query', 'page', 'Title', 'Description', 'Reviews', 'Rating', 'BulletPoints', 'Price', 'options', 'option_to_image', 'Attributes', 
'instruction_text', 'instruction_attributes', 'MainImage'])
Example product 'name': Vhomes Lights Reclaimed Wood Console Table The Genessis Collection Sofa-Tables
Example product 'full_description': Solid, Reclaimed Fir Wood In Natural, Sun Bleached Finish With Light Antiquing Glaze.
127.0.0.1 - - [29/Mar/2026 23:35:51] "GET /mc_eval_4_0 HTTP/1.1" 200 -
Number of products loaded: 1000
Example product keys: dict_keys(['name', 'full_description', 'pricing', 'images', 'product_category', 'average_rating', 'small_description', 'customization_options', 
'asin', 'category', 'query', 'page', 'Title', 'Description', 'Reviews', 'Rating', 'BulletPoints', 'Price', 'options', 'option_to_image', 'Attributes', 
'instruction_text', 'instruction_attributes', 'MainImage'])
Example product 'name': Vhomes Lights Reclaimed Wood Console Table The Genessis Collection Sofa-Tables
Example product 'full_description': Solid, Reclaimed Fir Wood In Natural, Sun Bleached Finish With Light Antiquing Glaze.
127.0.0.1 - - [29/Mar/2026 23:35:54] "GET /mc_eval_4_0 HTTP/1.1" 200 -
Number of products loaded: 1000
Example product keys: dict_keys(['name', 'full_description', 'pricing', 'images', 'product_category', 'average_rating', 'small_description', 'customization_options', 
'asin', 'category', 'query', 'page', 'Title', 'Description', 'Reviews', 'Rating', 'BulletPoints', 'Price', 'options', 'option_to_image', 'Attributes', 
'instruction_text', 'instruction_attributes', 'MainImage'])
Example product 'name': Vhomes Lights Reclaimed Wood Console Table The Genessis Collection Sofa-Tables
Example product 'full_description': Solid, Reclaimed Fir Wood In Natural, Sun Bleached Finish With Light Antiquing Glaze.
127.0.0.1 - - [29/Mar/2026 23:35:57] "GET /mc_eval_4_0 HTTP/1.1" 200 -
Number of products loaded: 1000
Example product keys: dict_keys(['name', 'full_description', 'pricing', 'images', 'product_category', 'average_rating', 'small_description', 'customization_options', 
'asin', 'category', 'query', 'page', 'Title', 'Description', 'Reviews', 'Rating', 'BulletPoints', 'Price', 'options', 'option_to_image', 'Attributes', 
'instruction_text', 'instruction_attributes', 'MainImage'])
Example product 'name': Vhomes Lights Reclaimed Wood Console Table The Genessis Collection Sofa-Tables
Example product 'full_description': Solid, Reclaimed Fir Wood In Natural, Sun Bleached Finish With Light Antiquing Glaze.
127.0.0.1 - - [29/Mar/2026 23:35:59] "GET /mc_eval_4_0 HTTP/1.1" 200 -
Number of products loaded: 1000
Example product keys: dict_keys(['name', 'full_description', 'pricing', 'images', 'product_category', 'average_rating', 'small_description', 'customization_options', 
'asin', 'category', 'query', 'page', 'Title', 'Description', 'Reviews', 'Rating', 'BulletPoints', 'Price', 'options', 'option_to_image', 'Attributes', 
'instruction_text', 'instruction_attributes', 'MainImage'])
Example product 'name': Vhomes Lights Reclaimed Wood Console Table The Genessis Collection Sofa-Tables
Example product 'full_description': Solid, Reclaimed Fir Wood In Natural, Sun Bleached Finish With Light Antiquing Glaze.
127.0.0.1 - - [29/Mar/2026 23:36:02] "GET /mc_eval_4_0 HTTP/1.1" 200 -
Number of products loaded: 1000
Example product keys: dict_keys(['name', 'full_description', 'pricing', 'images', 'product_category', 'average_rating', 'small_description', 'customization_options', 
'asin', 'category', 'query', 'page', 'Title', 'Description', 'Reviews', 'Rating', 'BulletPoints', 'Price', 'options', 'option_to_image', 'Attributes', 
'instruction_text', 'instruction_attributes', 'MainImage'])
Example product 'name': Vhomes Lights Reclaimed Wood Console Table The Genessis Collection Sofa-Tables
Example product 'full_description': Solid, Reclaimed Fir Wood In Natural, Sun Bleached Finish With Light Antiquing Glaze.
127.0.0.1 - - [29/Mar/2026 23:36:05] "GET /mc_eval_4_0 HTTP/1.1" 200 -
Number of products loaded: 1000
Example product keys: dict_keys(['name', 'full_description', 'pricing', 'images', 'product_category', 'average_rating', 'small_description', 'customization_options', 
'asin', 'category', 'query', 'page', 'Title', 'Description', 'Reviews', 'Rating', 'BulletPoints', 'Price', 'options', 'option_to_image', 'Attributes', 
'instruction_text', 'instruction_attributes', 'MainImage'])
Example product 'name': Vhomes Lights Reclaimed Wood Console Table The Genessis Collection Sofa-Tables
Example product 'full_description': Solid, Reclaimed Fir Wood In Natural, Sun Bleached Finish With Light Antiquing Glaze.
127.0.0.1 - - [29/Mar/2026 23:36:07] "GET /mc_eval_4_0 HTTP/1.1" 200 -
Number of products loaded: 1000
Example product keys: dict_keys(['name', 'full_description', 'pricing', 'images', 'product_category', 'average_rating', 'small_description', 'customization_options', 
'asin', 'category', 'query', 'page', 'Title', 'Description', 'Reviews', 'Rating', 'BulletPoints', 'Price', 'options', 'option_to_image', 'Attributes', 
'instruction_text', 'instruction_attributes', 'MainImage'])
Example product 'name': Vhomes Lights Reclaimed Wood Console Table The Genessis Collection Sofa-Tables
Example product 'full_description': Solid, Reclaimed Fir Wood In Natural, Sun Bleached Finish With Light Antiquing Glaze.
127.0.0.1 - - [29/Mar/2026 23:36:10] "GET /mc_eval_4_0 HTTP/1.1" 200 -
Number of products loaded: 1000
Example product keys: dict_keys(['name', 'full_description', 'pricing', 'images', 'product_category', 'average_rating', 'small_description', 'customization_options', 
'asin', 'category', 'query', 'page', 'Title', 'Description', 'Reviews', 'Rating', 'BulletPoints', 'Price', 'options', 'option_to_image', 'Attributes', 
'instruction_text', 'instruction_attributes', 'MainImage'])
Example product 'name': Vhomes Lights Reclaimed Wood Console Table The Genessis Collection Sofa-Tables
Example product 'full_description': Solid, Reclaimed Fir Wood In Natural, Sun Bleached Finish With Light Antiquing Glaze.
127.0.0.1 - - [29/Mar/2026 23:36:13] "GET /mc_eval_4_0 HTTP/1.1" 200 -
Number of products loaded: 1000
Example product keys: dict_keys(['name', 'full_description', 'pricing', 'images', 'product_category', 'average_rating', 'small_description', 'customization_options', 
'asin', 'category', 'query', 'page', 'Title', 'Description', 'Reviews', 'Rating', 'BulletPoints', 'Price', 'options', 'option_to_image', 'Attributes', 
'instruction_text', 'instruction_attributes', 'MainImage'])
Example product 'name': Vhomes Lights Reclaimed Wood Console Table The Genessis Collection Sofa-Tables
Example product 'full_description': Solid, Reclaimed Fir Wood In Natural, Sun Bleached Finish With Light Antiquing Glaze.
127.0.0.1 - - [29/Mar/2026 23:36:15] "GET /mc_eval_4_0 HTTP/1.1" 200 -
Number of products loaded: 1000
Example product keys: dict_keys(['name', 'full_description', 'pricing', 'images', 'product_category', 'average_rating', 'small_description', 'customization_options', 
'asin', 'category', 'query', 'page', 'Title', 'Description', 'Reviews', 'Rating', 'BulletPoints', 'Price', 'options', 'option_to_image', 'Attributes', 
'instruction_text', 'instruction_attributes', 'MainImage'])
Example product 'name': Vhomes Lights Reclaimed Wood Console Table The Genessis Collection Sofa-Tables
Example product 'full_description': Solid, Reclaimed Fir Wood In Natural, Sun Bleached Finish With Light Antiquing Glaze.
127.0.0.1 - - [29/Mar/2026 23:36:15] "GET /mc_eval_4_0 HTTP/1.1" 200 -
Number of products loaded: 1000
Example product keys: dict_keys(['name', 'full_description', 'pricing', 'images', 'product_category', 'average_rating', 'small_description', 'customization_options', 
'asin', 'category', 'query', 'page', 'Title', 'Description', 'Reviews', 'Rating', 'BulletPoints', 'Price', 'options', 'option_to_image', 'Attributes', 
'instruction_text', 'instruction_attributes', 'MainImage'])
Example product 'name': Vhomes Lights Reclaimed Wood Console Table The Genessis Collection Sofa-Tables
Example product 'full_description': Solid, Reclaimed Fir Wood In Natural, Sun Bleached Finish With Light Antiquing Glaze.
127.0.0.1 - - [29/Mar/2026 23:36:18] "GET /mc_eval_4_0 HTTP/1.1" 200 -
Number of products loaded: 1000
Example product keys: dict_keys(['name', 'full_description', 'pricing', 'images', 'product_category', 'average_rating', 'small_description', 'customization_options', 
'asin', 'category', 'query', 'page', 'Title', 'Description', 'Reviews', 'Rating', 'BulletPoints', 'Price', 'options', 'option_to_image', 'Attributes', 
'instruction_text', 'instruction_attributes', 'MainImage'])
Example product 'name': Vhomes Lights Reclaimed Wood Console Table The Genessis Collection Sofa-Tables
Example product 'full_description': Solid, Reclaimed Fir Wood In Natural, Sun Bleached Finish With Light Antiquing Glaze.
127.0.0.1 - - [29/Mar/2026 23:36:21] "GET /mc_eval_4_0 HTTP/1.1" 200 -
Number of products loaded: 1000
Example product keys: dict_keys(['name', 'full_description', 'pricing', 'images', 'product_category', 'average_rating', 'small_description', 'customization_options', 
'asin', 'category', 'query', 'page', 'Title', 'Description', 'Reviews', 'Rating', 'BulletPoints', 'Price', 'options', 'option_to_image', 'Attributes', 
'instruction_text', 'instruction_attributes', 'MainImage'])
Example product 'name': Vhomes Lights Reclaimed Wood Console Table The Genessis Collection Sofa-Tables
Example product 'full_description': Solid, Reclaimed Fir Wood In Natural, Sun Bleached Finish With Light Antiquing Glaze.
127.0.0.1 - - [29/Mar/2026 23:36:21] "GET /mc_train_707_0 HTTP/1.1" 200 -
Number of products loaded: 1000
Example product keys: dict_keys(['name', 'full_description', 'pricing', 'images', 'product_category', 'average_rating', 'small_description', 'customization_options', 
'asin', 'category', 'query', 'page', 'Title', 'Description', 'Reviews', 'Rating', 'BulletPoints', 'Price', 'options', 'option_to_image', 'Attributes', 
'instruction_text', 'instruction_attributes', 'MainImage'])
Example product 'name': Vhomes Lights Reclaimed Wood Console Table The Genessis Collection Sofa-Tables
Example product 'full_description': Solid, Reclaimed Fir Wood In Natural, Sun Bleached Finish With Light Antiquing Glaze.
127.0.0.1 - - [29/Mar/2026 23:36:23] "GET /mc_train_707_0 HTTP/1.1" 200 -
Number of products loaded: 1000
Example product keys: dict_keys(['name', 'full_description', 'pricing', 'images', 'product_category', 'average_rating', 'small_description', 'customization_options', 
'asin', 'category', 'query', 'page', 'Title', 'Description', 'Reviews', 'Rating', 'BulletPoints', 'Price', 'options', 'option_to_image', 'Attributes', 
'instruction_text', 'instruction_attributes', 'MainImage'])
Example product 'name': Vhomes Lights Reclaimed Wood Console Table The Genessis Collection Sofa-Tables
Example product 'full_description': Solid, Reclaimed Fir Wood In Natural, Sun Bleached Finish With Light Antiquing Glaze.
127.0.0.1 - - [29/Mar/2026 23:36:26] "GET /mc_train_707_0 HTTP/1.1" 200 -
Number of products loaded: 1000
Example product keys: dict_keys(['name', 'full_description', 'pricing', 'images', 'product_category', 'average_rating', 'small_description', 'customization_options', 
'asin', 'category', 'query', 'page', 'Title', 'Description', 'Reviews', 'Rating', 'BulletPoints', 'Price', 'options', 'option_to_image', 'Attributes', 
'instruction_text', 'instruction_attributes', 'MainImage'])
Example product 'name': Vhomes Lights Reclaimed Wood Console Table The Genessis Collection Sofa-Tables
Example product 'full_description': Solid, Reclaimed Fir Wood In Natural, Sun Bleached Finish With Light Antiquing Glaze.
127.0.0.1 - - [29/Mar/2026 23:36:29] "GET /mc_train_707_0 HTTP/1.1" 200 -
Number of products loaded: 1000
Example product keys: dict_keys(['name', 'full_description', 'pricing', 'images', 'product_category', 'average_rating', 'small_description', 'customization_options', 
'asin', 'category', 'query', 'page', 'Title', 'Description', 'Reviews', 'Rating', 'BulletPoints', 'Price', 'options', 'option_to_image', 'Attributes', 
'instruction_text', 'instruction_attributes', 'MainImage'])
Example product 'name': Vhomes Lights Reclaimed Wood Console Table The Genessis Collection Sofa-Tables
Example product 'full_description': Solid, Reclaimed Fir Wood In Natural, Sun Bleached Finish With Light Antiquing Glaze.
127.0.0.1 - - [29/Mar/2026 23:36:31] "GET /mc_train_707_0 HTTP/1.1" 200 -
Number of products loaded: 1000
Example product keys: dict_keys(['name', 'full_description', 'pricing', 'images', 'product_category', 'average_rating', 'small_description', 'customization_options', 
'asin', 'category', 'query', 'page', 'Title', 'Description', 'Reviews', 'Rating', 'BulletPoints', 'Price', 'options', 'option_to_image', 'Attributes', 
'instruction_text', 'instruction_attributes', 'MainImage'])
Example product 'name': Vhomes Lights Reclaimed Wood Console Table The Genessis Collection Sofa-Tables
Example product 'full_description': Solid, Reclaimed Fir Wood In Natural, Sun Bleached Finish With Light Antiquing Glaze.
127.0.0.1 - - [29/Mar/2026 23:36:34] "GET /mc_train_707_0 HTTP/1.1" 200 -
Number of products loaded: 1000
Example product keys: dict_keys(['name', 'full_description', 'pricing', 'images', 'product_category', 'average_rating', 'small_description', 'customization_options', 
'asin', 'category', 'query', 'page', 'Title', 'Description', 'Reviews', 'Rating', 'BulletPoints', 'Price', 'options', 'option_to_image', 'Attributes', 
'instruction_text', 'instruction_attributes', 'MainImage'])
Example product 'name': Vhomes Lights Reclaimed Wood Console Table The Genessis Collection Sofa-Tables
Example product 'full_description': Solid, Reclaimed Fir Wood In Natural, Sun Bleached Finish With Light Antiquing Glaze.
127.0.0.1 - - [29/Mar/2026 23:36:36] "GET /mc_train_707_0 HTTP/1.1" 200 -
Number of products loaded: 1000
Example product keys: dict_keys(['name', 'full_description', 'pricing', 'images', 'product_category', 'average_rating', 'small_description', 'customization_options', 
'asin', 'category', 'query', 'page', 'Title', 'Description', 'Reviews', 'Rating', 'BulletPoints', 'Price', 'options', 'option_to_image', 'Attributes', 
'instruction_text', 'instruction_attributes', 'MainImage'])
Example product 'name': Vhomes Lights Reclaimed Wood Console Table The Genessis Collection Sofa-Tables
Example product 'full_description': Solid, Reclaimed Fir Wood In Natural, Sun Bleached Finish With Light Antiquing Glaze.
127.0.0.1 - - [29/Mar/2026 23:36:39] "GET /mc_train_707_0 HTTP/1.1" 200 -
Number of products loaded: 1000
Example product keys: dict_keys(['name', 'full_description', 'pricing', 'images', 'product_category', 'average_rating', 'small_description', 'customization_options', 
'asin', 'category', 'query', 'page', 'Title', 'Description', 'Reviews', 'Rating', 'BulletPoints', 'Price', 'options', 'option_to_image', 'Attributes', 
'instruction_text', 'instruction_attributes', 'MainImage'])
Example product 'name': Vhomes Lights Reclaimed Wood Console Table The Genessis Collection Sofa-Tables
Example product 'full_description': Solid, Reclaimed Fir Wood In Natural, Sun Bleached Finish With Light Antiquing Glaze.
127.0.0.1 - - [29/Mar/2026 23:36:42] "GET /mc_train_707_0 HTTP/1.1" 200 -
Number of products loaded: 1000
Example product keys: dict_keys(['name', 'full_description', 'pricing', 'images', 'product_category', 'average_rating', 'small_description', 'customization_options', 
'asin', 'category', 'query', 'page', 'Title', 'Description', 'Reviews', 'Rating', 'BulletPoints', 'Price', 'options', 'option_to_image', 'Attributes', 
'instruction_text', 'instruction_attributes', 'MainImage'])
Example product 'name': Vhomes Lights Reclaimed Wood Console Table The Genessis Collection Sofa-Tables
Example product 'full_description': Solid, Reclaimed Fir Wood In Natural, Sun Bleached Finish With Light Antiquing Glaze.
127.0.0.1 - - [29/Mar/2026 23:36:44] "GET /mc_train_707_0 HTTP/1.1" 200 -
Number of products loaded: 1000
Example product keys: dict_keys(['name', 'full_description', 'pricing', 'images', 'product_category', 'average_rating', 'small_description', 'customization_options', 
'asin', 'category', 'query', 'page', 'Title', 'Description', 'Reviews', 'Rating', 'BulletPoints', 'Price', 'options', 'option_to_image', 'Attributes', 
'instruction_text', 'instruction_attributes', 'MainImage'])
Example product 'name': Vhomes Lights Reclaimed Wood Console Table The Genessis Collection Sofa-Tables
Example product 'full_description': Solid, Reclaimed Fir Wood In Natural, Sun Bleached Finish With Light Antiquing Glaze.
127.0.0.1 - - [29/Mar/2026 23:36:47] "GET /mc_train_707_0 HTTP/1.1" 200 -
Number of products loaded: 1000
Example product keys: dict_keys(['name', 'full_description', 'pricing', 'images', 'product_category', 'average_rating', 'small_description', 'customization_options', 
'asin', 'category', 'query', 'page', 'Title', 'Description', 'Reviews', 'Rating', 'BulletPoints', 'Price', 'options', 'option_to_image', 'Attributes', 
'instruction_text', 'instruction_attributes', 'MainImage'])
Example product 'name': Vhomes Lights Reclaimed Wood Console Table The Genessis Collection Sofa-Tables
Example product 'full_description': Solid, Reclaimed Fir Wood In Natural, Sun Bleached Finish With Light Antiquing Glaze.
127.0.0.1 - - [29/Mar/2026 23:36:50] "GET /mc_train_707_0 HTTP/1.1" 200 -
Number of products loaded: 1000
Example product keys: dict_keys(['name', 'full_description', 'pricing', 'images', 'product_category', 'average_rating', 'small_description', 'customization_options', 
'asin', 'category', 'query', 'page', 'Title', 'Description', 'Reviews', 'Rating', 'BulletPoints', 'Price', 'options', 'option_to_image', 'Attributes', 
'instruction_text', 'instruction_attributes', 'MainImage'])
Example product 'name': Vhomes Lights Reclaimed Wood Console Table The Genessis Collection Sofa-Tables
Example product 'full_description': Solid, Reclaimed Fir Wood In Natural, Sun Bleached Finish With Light Antiquing Glaze.
127.0.0.1 - - [29/Mar/2026 23:36:52] "GET /mc_train_707_0 HTTP/1.1" 200 -
Number of products loaded: 1000
Example product keys: dict_keys(['name', 'full_description', 'pricing', 'images', 'product_category', 'average_rating', 'small_description', 'customization_options', 
'asin', 'category', 'query', 'page', 'Title', 'Description', 'Reviews', 'Rating', 'BulletPoints', 'Price', 'options', 'option_to_image', 'Attributes', 
'instruction_text', 'instruction_attributes', 'MainImage'])
Example product 'name': Vhomes Lights Reclaimed Wood Console Table The Genessis Collection Sofa-Tables
Example product 'full_description': Solid, Reclaimed Fir Wood In Natural, Sun Bleached Finish With Light Antiquing Glaze.
127.0.0.1 - - [29/Mar/2026 23:36:55] "GET /mc_train_707_0 HTTP/1.1" 200 -
Number of products loaded: 1000
Example product keys: dict_keys(['name', 'full_description', 'pricing', 'images', 'product_category', 'average_rating', 'small_description', 'customization_options', 
'asin', 'category', 'query', 'page', 'Title', 'Description', 'Reviews', 'Rating', 'BulletPoints', 'Price', 'options', 'option_to_image', 'Attributes', 
'instruction_text', 'instruction_attributes', 'MainImage'])
Example product 'name': Vhomes Lights Reclaimed Wood Console Table The Genessis Collection Sofa-Tables
Example product 'full_description': Solid, Reclaimed Fir Wood In Natural, Sun Bleached Finish With Light Antiquing Glaze.
127.0.0.1 - - [29/Mar/2026 23:36:58] "GET /mc_train_707_0 HTTP/1.1" 200 -
Number of products loaded: 1000
Example product keys: dict_keys(['name', 'full_description', 'pricing', 'images', 'product_category', 'average_rating', 'small_description', 'customization_options', 
'asin', 'category', 'query', 'page', 'Title', 'Description', 'Reviews', 'Rating', 'BulletPoints', 'Price', 'options', 'option_to_image', 'Attributes', 
'instruction_text', 'instruction_attributes', 'MainImage'])
Example product 'name': Vhomes Lights Reclaimed Wood Console Table The Genessis Collection Sofa-Tables
Example product 'full_description': Solid, Reclaimed Fir Wood In Natural, Sun Bleached Finish With Light Antiquing Glaze.
127.0.0.1 - - [29/Mar/2026 23:37:00] "GET /mc_train_707_0 HTTP/1.1" 200 -
127.0.0.1 - - [29/Mar/2026 23:37:53] "[32mGET / HTTP/1.1[0m" 302 -
Number of products loaded: 1000
Example product keys: dict_keys(['name', 'full_description', 'pricing', 'images', 'product_category', 'average_rating', 'small_description', 'customization_options', 
'asin', 'category', 'query', 'page', 'Title', 'Description', 'Reviews', 'Rating', 'BulletPoints', 'Price', 'options', 'option_to_image', 'Attributes', 
'instruction_text', 'instruction_attributes', 'MainImage'])
Example product 'name': Vhomes Lights Reclaimed Wood Console Table The Genessis Collection Sofa-Tables
Example product 'full_description': Solid, Reclaimed Fir Wood In Natural, Sun Bleached Finish With Light Antiquing Glaze.
127.0.0.1 - - [29/Mar/2026 23:37:53] "GET /abc HTTP/1.1" 200 -
Number of products loaded: 1000
Example product keys: dict_keys(['name', 'full_description', 'pricing', 'images', 'product_category', 'average_rating', 'small_description', 'customization_options', 
'asin', 'category', 'query', 'page', 'Title', 'Description', 'Reviews', 'Rating', 'BulletPoints', 'Price', 'options', 'option_to_image', 'Attributes', 
'instruction_text', 'instruction_attributes', 'MainImage'])
Example product 'name': Vhomes Lights Reclaimed Wood Console Table The Genessis Collection Sofa-Tables
Example product 'full_description': Solid, Reclaimed Fir Wood In Natural, Sun Bleached Finish With Light Antiquing Glaze.
127.0.0.1 - - [29/Mar/2026 23:37:53] "GET /mc_eval_4_0 HTTP/1.1" 200 -
Number of products loaded: 1000
Example product keys: dict_keys(['name', 'full_description', 'pricing', 'images', 'product_category', 'average_rating', 'small_description', 'customization_options', 
'asin', 'category', 'query', 'page', 'Title', 'Description', 'Reviews', 'Rating', 'BulletPoints', 'Price', 'options', 'option_to_image', 'Attributes', 
'instruction_text', 'instruction_attributes', 'MainImage'])
Example product 'name': Vhomes Lights Reclaimed Wood Console Table The Genessis Collection Sofa-Tables
Example product 'full_description': Solid, Reclaimed Fir Wood In Natural, Sun Bleached Finish With Light Antiquing Glaze.
127.0.0.1 - - [29/Mar/2026 23:37:55] "GET /mc_eval_4_0 HTTP/1.1" 200 -
Number of products loaded: 1000
Example product keys: dict_keys(['name', 'full_description', 'pricing', 'images', 'product_category', 'average_rating', 'small_description', 'customization_options', 
'asin', 'category', 'query', 'page', 'Title', 'Description', 'Reviews', 'Rating', 'BulletPoints', 'Price', 'options', 'option_to_image', 'Attributes', 
'instruction_text', 'instruction_attributes', 'MainImage'])
Example product 'name': Vhomes Lights Reclaimed Wood Console Table The Genessis Collection Sofa-Tables
Example product 'full_description': Solid, Reclaimed Fir Wood In Natural, Sun Bleached Finish With Light Antiquing Glaze.
127.0.0.1 - - [29/Mar/2026 23:37:58] "GET /mc_eval_4_0 HTTP/1.1" 200 -
Number of products loaded: 1000
Example product keys: dict_keys(['name', 'full_description', 'pricing', 'images', 'product_category', 'average_rating', 'small_description', 'customization_options', 
'asin', 'category', 'query', 'page', 'Title', 'Description', 'Reviews', 'Rating', 'BulletPoints', 'Price', 'options', 'option_to_image', 'Attributes', 
'instruction_text', 'instruction_attributes', 'MainImage'])
Example product 'name': Vhomes Lights Reclaimed Wood Console Table The Genessis Collection Sofa-Tables
Example product 'full_description': Solid, Reclaimed Fir Wood In Natural, Sun Bleached Finish With Light Antiquing Glaze.
127.0.0.1 - - [29/Mar/2026 23:38:01] "GET /mc_eval_4_0 HTTP/1.1" 200 -
Number of products loaded: 1000
Example product keys: dict_keys(['name', 'full_description', 'pricing', 'images', 'product_category', 'average_rating', 'small_description', 'customization_options', 
'asin', 'category', 'query', 'page', 'Title', 'Description', 'Reviews', 'Rating', 'BulletPoints', 'Price', 'options', 'option_to_image', 'Attributes', 
'instruction_text', 'instruction_attributes', 'MainImage'])
Example product 'name': Vhomes Lights Reclaimed Wood Console Table The Genessis Collection Sofa-Tables
Example product 'full_description': Solid, Reclaimed Fir Wood In Natural, Sun Bleached Finish With Light Antiquing Glaze.
127.0.0.1 - - [29/Mar/2026 23:38:03] "GET /mc_eval_4_0 HTTP/1.1" 200 -
Number of products loaded: 1000
Example product keys: dict_keys(['name', 'full_description', 'pricing', 'images', 'product_category', 'average_rating', 'small_description', 'customization_options', 
'asin', 'category', 'query', 'page', 'Title', 'Description', 'Reviews', 'Rating', 'BulletPoints', 'Price', 'options', 'option_to_image', 'Attributes', 
'instruction_text', 'instruction_attributes', 'MainImage'])
Example product 'name': Vhomes Lights Reclaimed Wood Console Table The Genessis Collection Sofa-Tables
Example product 'full_description': Solid, Reclaimed Fir Wood In Natural, Sun Bleached Finish With Light Antiquing Glaze.
127.0.0.1 - - [29/Mar/2026 23:38:06] "GET /mc_eval_4_0 HTTP/1.1" 200 -
Number of products loaded: 1000
Example product keys: dict_keys(['name', 'full_description', 'pricing', 'images', 'product_category', 'average_rating', 'small_description', 'customization_options', 
'asin', 'category', 'query', 'page', 'Title', 'Description', 'Reviews', 'Rating', 'BulletPoints', 'Price', 'options', 'option_to_image', 'Attributes', 
'instruction_text', 'instruction_attributes', 'MainImage'])
Example product 'name': Vhomes Lights Reclaimed Wood Console Table The Genessis Collection Sofa-Tables
Example product 'full_description': Solid, Reclaimed Fir Wood In Natural, Sun Bleached Finish With Light Antiquing Glaze.
127.0.0.1 - - [29/Mar/2026 23:38:09] "GET /mc_eval_4_0 HTTP/1.1" 200 -
Number of products loaded: 1000
Example product keys: dict_keys(['name', 'full_description', 'pricing', 'images', 'product_category', 'average_rating', 'small_description', 'customization_options', 
'asin', 'category', 'query', 'page', 'Title', 'Description', 'Reviews', 'Rating', 'BulletPoints', 'Price', 'options', 'option_to_image', 'Attributes', 
'instruction_text', 'instruction_attributes', 'MainImage'])
Example product 'name': Vhomes Lights Reclaimed Wood Console Table The Genessis Collection Sofa-Tables
Example product 'full_description': Solid, Reclaimed Fir Wood In Natural, Sun Bleached Finish With Light Antiquing Glaze.
127.0.0.1 - - [29/Mar/2026 23:38:11] "GET /mc_eval_4_0 HTTP/1.1" 200 -
Number of products loaded: 1000
Example product keys: dict_keys(['name', 'full_description', 'pricing', 'images', 'product_category', 'average_rating', 'small_description', 'customization_options', 
'asin', 'category', 'query', 'page', 'Title', 'Description', 'Reviews', 'Rating', 'BulletPoints', 'Price', 'options', 'option_to_image', 'Attributes', 
'instruction_text', 'instruction_attributes', 'MainImage'])
Example product 'name': Vhomes Lights Reclaimed Wood Console Table The Genessis Collection Sofa-Tables
Example product 'full_description': Solid, Reclaimed Fir Wood In Natural, Sun Bleached Finish With Light Antiquing Glaze.
127.0.0.1 - - [29/Mar/2026 23:38:14] "GET /mc_eval_4_0 HTTP/1.1" 200 -
Number of products loaded: 1000
Example product keys: dict_keys(['name', 'full_description', 'pricing', 'images', 'product_category', 'average_rating', 'small_description', 'customization_options', 
'asin', 'category', 'query', 'page', 'Title', 'Description', 'Reviews', 'Rating', 'BulletPoints', 'Price', 'options', 'option_to_image', 'Attributes', 
'instruction_text', 'instruction_attributes', 'MainImage'])
Example product 'name': Vhomes Lights Reclaimed Wood Console Table The Genessis Collection Sofa-Tables
Example product 'full_description': Solid, Reclaimed Fir Wood In Natural, Sun Bleached Finish With Light Antiquing Glaze.
127.0.0.1 - - [29/Mar/2026 23:38:16] "GET /mc_eval_4_0 HTTP/1.1" 200 -
Number of products loaded: 1000
Example product keys: dict_keys(['name', 'full_description', 'pricing', 'images', 'product_category', 'average_rating', 'small_description', 'customization_options', 
'asin', 'category', 'query', 'page', 'Title', 'Description', 'Reviews', 'Rating', 'BulletPoints', 'Price', 'options', 'option_to_image', 'Attributes', 
'instruction_text', 'instruction_attributes', 'MainImage'])
Example product 'name': Vhomes Lights Reclaimed Wood Console Table The Genessis Collection Sofa-Tables
Example product 'full_description': Solid, Reclaimed Fir Wood In Natural, Sun Bleached Finish With Light Antiquing Glaze.
127.0.0.1 - - [29/Mar/2026 23:38:19] "GET /mc_eval_4_0 HTTP/1.1" 200 -
Number of products loaded: 1000
Example product keys: dict_keys(['name', 'full_description', 'pricing', 'images', 'product_category', 'average_rating', 'small_description', 'customization_options', 
'asin', 'category', 'query', 'page', 'Title', 'Description', 'Reviews', 'Rating', 'BulletPoints', 'Price', 'options', 'option_to_image', 'Attributes', 
'instruction_text', 'instruction_attributes', 'MainImage'])
Example product 'name': Vhomes Lights Reclaimed Wood Console Table The Genessis Collection Sofa-Tables
Example product 'full_description': Solid, Reclaimed Fir Wood In Natural, Sun Bleached Finish With Light Antiquing Glaze.
127.0.0.1 - - [29/Mar/2026 23:38:22] "GET /mc_eval_4_0 HTTP/1.1" 200 -
Number of products loaded: 1000
Example product keys: dict_keys(['name', 'full_description', 'pricing', 'images', 'product_category', 'average_rating', 'small_description', 'customization_options', 
'asin', 'category', 'query', 'page', 'Title', 'Description', 'Reviews', 'Rating', 'BulletPoints', 'Price', 'options', 'option_to_image', 'Attributes', 
'instruction_text', 'instruction_attributes', 'MainImage'])
Example product 'name': Vhomes Lights Reclaimed Wood Console Table The Genessis Collection Sofa-Tables
Example product 'full_description': Solid, Reclaimed Fir Wood In Natural, Sun Bleached Finish With Light Antiquing Glaze.
127.0.0.1 - - [29/Mar/2026 23:38:24] "GET /mc_eval_4_0 HTTP/1.1" 200 -
Number of products loaded: 1000
Example product keys: dict_keys(['name', 'full_description', 'pricing', 'images', 'product_category', 'average_rating', 'small_description', 'customization_options', 
'asin', 'category', 'query', 'page', 'Title', 'Description', 'Reviews', 'Rating', 'BulletPoints', 'Price', 'options', 'option_to_image', 'Attributes', 
'instruction_text', 'instruction_attributes', 'MainImage'])
Example product 'name': Vhomes Lights Reclaimed Wood Console Table The Genessis Collection Sofa-Tables
Example product 'full_description': Solid, Reclaimed Fir Wood In Natural, Sun Bleached Finish With Light Antiquing Glaze.
127.0.0.1 - - [29/Mar/2026 23:38:27] "GET /mc_eval_4_0 HTTP/1.1" 200 -
Number of products loaded: 1000
Example product keys: dict_keys(['name', 'full_description', 'pricing', 'images', 'product_category', 'average_rating', 'small_description', 'customization_options', 
'asin', 'category', 'query', 'page', 'Title', 'Description', 'Reviews', 'Rating', 'BulletPoints', 'Price', 'options', 'option_to_image', 'Attributes', 
'instruction_text', 'instruction_attributes', 'MainImage'])
Example product 'name': Vhomes Lights Reclaimed Wood Console Table The Genessis Collection Sofa-Tables
Example product 'full_description': Solid, Reclaimed Fir Wood In Natural, Sun Bleached Finish With Light Antiquing Glaze.
127.0.0.1 - - [29/Mar/2026 23:38:30] "GET /mc_eval_4_0 HTTP/1.1" 200 -
Number of products loaded: 1000
Example product keys: dict_keys(['name', 'full_description', 'pricing', 'images', 'product_category', 'average_rating', 'small_description', 'customization_options', 
'asin', 'category', 'query', 'page', 'Title', 'Description', 'Reviews', 'Rating', 'BulletPoints', 'Price', 'options', 'option_to_image', 'Attributes', 
'instruction_text', 'instruction_attributes', 'MainImage'])
Example product 'name': Vhomes Lights Reclaimed Wood Console Table The Genessis Collection Sofa-Tables
Example product 'full_description': Solid, Reclaimed Fir Wood In Natural, Sun Bleached Finish With Light Antiquing Glaze.
127.0.0.1 - - [29/Mar/2026 23:38:32] "GET /mc_eval_4_0 HTTP/1.1" 200 -
Number of products loaded: 1000
Example product keys: dict_keys(['name', 'full_description', 'pricing', 'images', 'product_category', 'average_rating', 'small_description', 'customization_options', 
'asin', 'category', 'query', 'page', 'Title', 'Description', 'Reviews', 'Rating', 'BulletPoints', 'Price', 'options', 'option_to_image', 'Attributes', 
'instruction_text', 'instruction_attributes', 'MainImage'])
Example product 'name': Vhomes Lights Reclaimed Wood Console Table The Genessis Collection Sofa-Tables
Example product 'full_description': Solid, Reclaimed Fir Wood In Natural, Sun Bleached Finish With Light Antiquing Glaze.
127.0.0.1 - - [29/Mar/2026 23:38:32] "GET /mc_train_707_0 HTTP/1.1" 200 -
Number of products loaded: 1000
Example product keys: dict_keys(['name', 'full_description', 'pricing', 'images', 'product_category', 'average_rating', 'small_description', 'customization_options', 
'asin', 'category', 'query', 'page', 'Title', 'Description', 'Reviews', 'Rating', 'BulletPoints', 'Price', 'options', 'option_to_image', 'Attributes', 
'instruction_text', 'instruction_attributes', 'MainImage'])
Example product 'name': Vhomes Lights Reclaimed Wood Console Table The Genessis Collection Sofa-Tables
Example product 'full_description': Solid, Reclaimed Fir Wood In Natural, Sun Bleached Finish With Light Antiquing Glaze.
127.0.0.1 - - [29/Mar/2026 23:38:35] "GET /mc_train_707_0 HTTP/1.1" 200 -
Number of products loaded: 1000
Example product keys: dict_keys(['name', 'full_description', 'pricing', 'images', 'product_category', 'average_rating', 'small_description', 'customization_options', 
'asin', 'category', 'query', 'page', 'Title', 'Description', 'Reviews', 'Rating', 'BulletPoints', 'Price', 'options', 'option_to_image', 'Attributes', 
'instruction_text', 'instruction_attributes', 'MainImage'])
Example product 'name': Vhomes Lights Reclaimed Wood Console Table The Genessis Collection Sofa-Tables
Example product 'full_description': Solid, Reclaimed Fir Wood In Natural, Sun Bleached Finish With Light Antiquing Glaze.
127.0.0.1 - - [29/Mar/2026 23:38:38] "GET /mc_train_707_0 HTTP/1.1" 200 -
Number of products loaded: 1000
Example product keys: dict_keys(['name', 'full_description', 'pricing', 'images', 'product_category', 'average_rating', 'small_description', 'customization_options', 
'asin', 'category', 'query', 'page', 'Title', 'Description', 'Reviews', 'Rating', 'BulletPoints', 'Price', 'options', 'option_to_image', 'Attributes', 
'instruction_text', 'instruction_attributes', 'MainImage'])
Example product 'name': Vhomes Lights Reclaimed Wood Console Table The Genessis Collection Sofa-Tables
Example product 'full_description': Solid, Reclaimed Fir Wood In Natural, Sun Bleached Finish With Light Antiquing Glaze.
127.0.0.1 - - [29/Mar/2026 23:38:40] "GET /mc_train_707_0 HTTP/1.1" 200 -
Number of products loaded: 1000
Example product keys: dict_keys(['name', 'full_description', 'pricing', 'images', 'product_category', 'average_rating', 'small_description', 'customization_options', 
'asin', 'category', 'query', 'page', 'Title', 'Description', 'Reviews', 'Rating', 'BulletPoints', 'Price', 'options', 'option_to_image', 'Attributes', 
'instruction_text', 'instruction_attributes', 'MainImage'])
Example product 'name': Vhomes Lights Reclaimed Wood Console Table The Genessis Collection Sofa-Tables
Example product 'full_description': Solid, Reclaimed Fir Wood In Natural, Sun Bleached Finish With Light Antiquing Glaze.
127.0.0.1 - - [29/Mar/2026 23:38:43] "GET /mc_train_707_0 HTTP/1.1" 200 -
Number of products loaded: 1000
Example product keys: dict_keys(['name', 'full_description', 'pricing', 'images', 'product_category', 'average_rating', 'small_description', 'customization_options', 
'asin', 'category', 'query', 'page', 'Title', 'Description', 'Reviews', 'Rating', 'BulletPoints', 'Price', 'options', 'option_to_image', 'Attributes', 
'instruction_text', 'instruction_attributes', 'MainImage'])
Example product 'name': Vhomes Lights Reclaimed Wood Console Table The Genessis Collection Sofa-Tables
Example product 'full_description': Solid, Reclaimed Fir Wood In Natural, Sun Bleached Finish With Light Antiquing Glaze.
127.0.0.1 - - [29/Mar/2026 23:38:46] "GET /mc_train_707_0 HTTP/1.1" 200 -
Number of products loaded: 1000
Example product keys: dict_keys(['name', 'full_description', 'pricing', 'images', 'product_category', 'average_rating', 'small_description', 'customization_options', 
'asin', 'category', 'query', 'page', 'Title', 'Description', 'Reviews', 'Rating', 'BulletPoints', 'Price', 'options', 'option_to_image', 'Attributes', 
'instruction_text', 'instruction_attributes', 'MainImage'])
Example product 'name': Vhomes Lights Reclaimed Wood Console Table The Genessis Collection Sofa-Tables
Example product 'full_description': Solid, Reclaimed Fir Wood In Natural, Sun Bleached Finish With Light Antiquing Glaze.
127.0.0.1 - - [29/Mar/2026 23:38:48] "GET /mc_train_707_0 HTTP/1.1" 200 -
Number of products loaded: 1000
Example product keys: dict_keys(['name', 'full_description', 'pricing', 'images', 'product_category', 'average_rating', 'small_description', 'customization_options', 
'asin', 'category', 'query', 'page', 'Title', 'Description', 'Reviews', 'Rating', 'BulletPoints', 'Price', 'options', 'option_to_image', 'Attributes', 
'instruction_text', 'instruction_attributes', 'MainImage'])
Example product 'name': Vhomes Lights Reclaimed Wood Console Table The Genessis Collection Sofa-Tables
Example product 'full_description': Solid, Reclaimed Fir Wood In Natural, Sun Bleached Finish With Light Antiquing Glaze.
127.0.0.1 - - [29/Mar/2026 23:38:51] "GET /mc_train_707_0 HTTP/1.1" 200 -
Number of products loaded: 1000
Example product keys: dict_keys(['name', 'full_description', 'pricing', 'images', 'product_category', 'average_rating', 'small_description', 'customization_options', 
'asin', 'category', 'query', 'page', 'Title', 'Description', 'Reviews', 'Rating', 'BulletPoints', 'Price', 'options', 'option_to_image', 'Attributes', 
'instruction_text', 'instruction_attributes', 'MainImage'])
Example product 'name': Vhomes Lights Reclaimed Wood Console Table The Genessis Collection Sofa-Tables
Example product 'full_description': Solid, Reclaimed Fir Wood In Natural, Sun Bleached Finish With Light Antiquing Glaze.
127.0.0.1 - - [29/Mar/2026 23:38:54] "GET /mc_train_707_0 HTTP/1.1" 200 -
Number of products loaded: 1000
Example product keys: dict_keys(['name', 'full_description', 'pricing', 'images', 'product_category', 'average_rating', 'small_description', 'customization_options', 
'asin', 'category', 'query', 'page', 'Title', 'Description', 'Reviews', 'Rating', 'BulletPoints', 'Price', 'options', 'option_to_image', 'Attributes', 
'instruction_text', 'instruction_attributes', 'MainImage'])
Example product 'name': Vhomes Lights Reclaimed Wood Console Table The Genessis Collection Sofa-Tables
Example product 'full_description': Solid, Reclaimed Fir Wood In Natural, Sun Bleached Finish With Light Antiquing Glaze.
127.0.0.1 - - [29/Mar/2026 23:38:56] "GET /mc_train_707_0 HTTP/1.1" 200 -
Number of products loaded: 1000
Example product keys: dict_keys(['name', 'full_description', 'pricing', 'images', 'product_category', 'average_rating', 'small_description', 'customization_options', 
'asin', 'category', 'query', 'page', 'Title', 'Description', 'Reviews', 'Rating', 'BulletPoints', 'Price', 'options', 'option_to_image', 'Attributes', 
'instruction_text', 'instruction_attributes', 'MainImage'])
Example product 'name': Vhomes Lights Reclaimed Wood Console Table The Genessis Collection Sofa-Tables
Example product 'full_description': Solid, Reclaimed Fir Wood In Natural, Sun Bleached Finish With Light Antiquing Glaze.
127.0.0.1 - - [29/Mar/2026 23:38:59] "GET /mc_train_707_0 HTTP/1.1" 200 -
Number of products loaded: 1000
Example product keys: dict_keys(['name', 'full_description', 'pricing', 'images', 'product_category', 'average_rating', 'small_description', 'customization_options', 
'asin', 'category', 'query', 'page', 'Title', 'Description', 'Reviews', 'Rating', 'BulletPoints', 'Price', 'options', 'option_to_image', 'Attributes', 
'instruction_text', 'instruction_attributes', 'MainImage'])
Example product 'name': Vhomes Lights Reclaimed Wood Console Table The Genessis Collection Sofa-Tables
Example product 'full_description': Solid, Reclaimed Fir Wood In Natural, Sun Bleached Finish With Light Antiquing Glaze.
127.0.0.1 - - [29/Mar/2026 23:39:02] "GET /mc_train_707_0 HTTP/1.1" 200 -
Number of products loaded: 1000
Example product keys: dict_keys(['name', 'full_description', 'pricing', 'images', 'product_category', 'average_rating', 'small_description', 'customization_options', 
'asin', 'category', 'query', 'page', 'Title', 'Description', 'Reviews', 'Rating', 'BulletPoints', 'Price', 'options', 'option_to_image', 'Attributes', 
'instruction_text', 'instruction_attributes', 'MainImage'])
Example product 'name': Vhomes Lights Reclaimed Wood Console Table The Genessis Collection Sofa-Tables
Example product 'full_description': Solid, Reclaimed Fir Wood In Natural, Sun Bleached Finish With Light Antiquing Glaze.
127.0.0.1 - - [29/Mar/2026 23:39:04] "GET /mc_train_707_0 HTTP/1.1" 200 -
Number of products loaded: 1000
Example product keys: dict_keys(['name', 'full_description', 'pricing', 'images', 'product_category', 'average_rating', 'small_description', 'customization_options', 
'asin', 'category', 'query', 'page', 'Title', 'Description', 'Reviews', 'Rating', 'BulletPoints', 'Price', 'options', 'option_to_image', 'Attributes', 
'instruction_text', 'instruction_attributes', 'MainImage'])
Example product 'name': Vhomes Lights Reclaimed Wood Console Table The Genessis Collection Sofa-Tables
Example product 'full_description': Solid, Reclaimed Fir Wood In Natural, Sun Bleached Finish With Light Antiquing Glaze.
127.0.0.1 - - [29/Mar/2026 23:39:07] "GET /mc_train_707_0 HTTP/1.1" 200 -
Number of products loaded: 1000
Example product keys: dict_keys(['name', 'full_description', 'pricing', 'images', 'product_category', 'average_rating', 'small_description', 'customization_options', 
'asin', 'category', 'query', 'page', 'Title', 'Description', 'Reviews', 'Rating', 'BulletPoints', 'Price', 'options', 'option_to_image', 'Attributes', 
'instruction_text', 'instruction_attributes', 'MainImage'])
Example product 'name': Vhomes Lights Reclaimed Wood Console Table The Genessis Collection Sofa-Tables
Example product 'full_description': Solid, Reclaimed Fir Wood In Natural, Sun Bleached Finish With Light Antiquing Glaze.
127.0.0.1 - - [29/Mar/2026 23:39:10] "GET /mc_train_707_0 HTTP/1.1" 200 -
Number of products loaded: 1000
Example product keys: dict_keys(['name', 'full_description', 'pricing', 'images', 'product_category', 'average_rating', 'small_description', 'customization_options', 
'asin', 'category', 'query', 'page', 'Title', 'Description', 'Reviews', 'Rating', 'BulletPoints', 'Price', 'options', 'option_to_image', 'Attributes', 
'instruction_text', 'instruction_attributes', 'MainImage'])
Example product 'name': Vhomes Lights Reclaimed Wood Console Table The Genessis Collection Sofa-Tables
Example product 'full_description': Solid, Reclaimed Fir Wood In Natural, Sun Bleached Finish With Light Antiquing Glaze.
127.0.0.1 - - [29/Mar/2026 23:39:12] "GET /mc_train_707_0 HTTP/1.1" 200 -
127.0.0.1 - - [29/Mar/2026 23:40:04] "[32mGET / HTTP/1.1[0m" 302 -
Number of products loaded: 1000
Example product keys: dict_keys(['name', 'full_description', 'pricing', 'images', 'product_category', 'average_rating', 'small_description', 'customization_options', 
'asin', 'category', 'query', 'page', 'Title', 'Description', 'Reviews', 'Rating', 'BulletPoints', 'Price', 'options', 'option_to_image', 'Attributes', 
'instruction_text', 'instruction_attributes', 'MainImage'])
Example product 'name': Vhomes Lights Reclaimed Wood Console Table The Genessis Collection Sofa-Tables
Example product 'full_description': Solid, Reclaimed Fir Wood In Natural, Sun Bleached Finish With Light Antiquing Glaze.
127.0.0.1 - - [29/Mar/2026 23:40:04] "GET /abc HTTP/1.1" 200 -
Number of products loaded: 1000
Example product keys: dict_keys(['name', 'full_description', 'pricing', 'images', 'product_category', 'average_rating', 'small_description', 'customization_options', 
'asin', 'category', 'query', 'page', 'Title', 'Description', 'Reviews', 'Rating', 'BulletPoints', 'Price', 'options', 'option_to_image', 'Attributes', 
'instruction_text', 'instruction_attributes', 'MainImage'])
Example product 'name': Vhomes Lights Reclaimed Wood Console Table The Genessis Collection Sofa-Tables
Example product 'full_description': Solid, Reclaimed Fir Wood In Natural, Sun Bleached Finish With Light Antiquing Glaze.
127.0.0.1 - - [29/Mar/2026 23:40:04] "GET /mc_eval_4_0 HTTP/1.1" 200 -
Number of products loaded: 1000
Example product keys: dict_keys(['name', 'full_description', 'pricing', 'images', 'product_category', 'average_rating', 'small_description', 'customization_options', 
'asin', 'category', 'query', 'page', 'Title', 'Description', 'Reviews', 'Rating', 'BulletPoints', 'Price', 'options', 'option_to_image', 'Attributes', 
'instruction_text', 'instruction_attributes', 'MainImage'])
Example product 'name': Vhomes Lights Reclaimed Wood Console Table The Genessis Collection Sofa-Tables
Example product 'full_description': Solid, Reclaimed Fir Wood In Natural, Sun Bleached Finish With Light Antiquing Glaze.
127.0.0.1 - - [29/Mar/2026 23:40:07] "GET /mc_eval_4_0 HTTP/1.1" 200 -
Number of products loaded: 1000
Example product keys: dict_keys(['name', 'full_description', 'pricing', 'images', 'product_category', 'average_rating', 'small_description', 'customization_options', 
'asin', 'category', 'query', 'page', 'Title', 'Description', 'Reviews', 'Rating', 'BulletPoints', 'Price', 'options', 'option_to_image', 'Attributes', 
'instruction_text', 'instruction_attributes', 'MainImage'])
Example product 'name': Vhomes Lights Reclaimed Wood Console Table The Genessis Collection Sofa-Tables
Example product 'full_description': Solid, Reclaimed Fir Wood In Natural, Sun Bleached Finish With Light Antiquing Glaze.
127.0.0.1 - - [29/Mar/2026 23:40:07] "GET /mc_eval_4_0 HTTP/1.1" 200 -
Number of products loaded: 1000
Example product keys: dict_keys(['name', 'full_description', 'pricing', 'images', 'product_category', 'average_rating', 'small_description', 'customization_options', 
'asin', 'category', 'query', 'page', 'Title', 'Description', 'Reviews', 'Rating', 'BulletPoints', 'Price', 'options', 'option_to_image', 'Attributes', 
'instruction_text', 'instruction_attributes', 'MainImage'])
Example product 'name': Vhomes Lights Reclaimed Wood Console Table The Genessis Collection Sofa-Tables
Example product 'full_description': Solid, Reclaimed Fir Wood In Natural, Sun Bleached Finish With Light Antiquing Glaze.
127.0.0.1 - - [29/Mar/2026 23:40:09] "GET /mc_eval_4_0 HTTP/1.1" 200 -
Number of products loaded: 1000
Example product keys: dict_keys(['name', 'full_description', 'pricing', 'images', 'product_category', 'average_rating', 'small_description', 'customization_options', 
'asin', 'category', 'query', 'page', 'Title', 'Description', 'Reviews', 'Rating', 'BulletPoints', 'Price', 'options', 'option_to_image', 'Attributes', 
'instruction_text', 'instruction_attributes', 'MainImage'])
Example product 'name': Vhomes Lights Reclaimed Wood Console Table The Genessis Collection Sofa-Tables
Example product 'full_description': Solid, Reclaimed Fir Wood In Natural, Sun Bleached Finish With Light Antiquing Glaze.
127.0.0.1 - - [29/Mar/2026 23:40:10] "GET /mc_eval_4_0 HTTP/1.1" 200 -
Number of products loaded: 1000
Example product keys: dict_keys(['name', 'full_description', 'pricing', 'images', 'product_category', 'average_rating', 'small_description', 'customization_options', 
'asin', 'category', 'query', 'page', 'Title', 'Description', 'Reviews', 'Rating', 'BulletPoints', 'Price', 'options', 'option_to_image', 'Attributes', 
'instruction_text', 'instruction_attributes', 'MainImage'])
Example product 'name': Vhomes Lights Reclaimed Wood Console Table The Genessis Collection Sofa-Tables
Example product 'full_description': Solid, Reclaimed Fir Wood In Natural, Sun Bleached Finish With Light Antiquing Glaze.
127.0.0.1 - - [29/Mar/2026 23:40:12] "GET /mc_eval_4_0 HTTP/1.1" 200 -
Number of products loaded: 1000
Example product keys: dict_keys(['name', 'full_description', 'pricing', 'images', 'product_category', 'average_rating', 'small_description', 'customization_options', 
'asin', 'category', 'query', 'page', 'Title', 'Description', 'Reviews', 'Rating', 'BulletPoints', 'Price', 'options', 'option_to_image', 'Attributes', 
'instruction_text', 'instruction_attributes', 'MainImage'])
Example product 'name': Vhomes Lights Reclaimed Wood Console Table The Genessis Collection Sofa-Tables
Example product 'full_description': Solid, Reclaimed Fir Wood In Natural, Sun Bleached Finish With Light Antiquing Glaze.
127.0.0.1 - - [29/Mar/2026 23:40:15] "GET /mc_eval_4_0 HTTP/1.1" 200 -
Number of products loaded: 1000
Example product keys: dict_keys(['name', 'full_description', 'pricing', 'images', 'product_category', 'average_rating', 'small_description', 'customization_options', 
'asin', 'category', 'query', 'page', 'Title', 'Description', 'Reviews', 'Rating', 'BulletPoints', 'Price', 'options', 'option_to_image', 'Attributes', 
'instruction_text', 'instruction_attributes', 'MainImage'])
Example product 'name': Vhomes Lights Reclaimed Wood Console Table The Genessis Collection Sofa-Tables
Example product 'full_description': Solid, Reclaimed Fir Wood In Natural, Sun Bleached Finish With Light Antiquing Glaze.
127.0.0.1 - - [29/Mar/2026 23:40:18] "GET /mc_eval_4_0 HTTP/1.1" 200 -
Number of products loaded: 1000
Example product keys: dict_keys(['name', 'full_description', 'pricing', 'images', 'product_category', 'average_rating', 'small_description', 'customization_options', 
'asin', 'category', 'query', 'page', 'Title', 'Description', 'Reviews', 'Rating', 'BulletPoints', 'Price', 'options', 'option_to_image', 'Attributes', 
'instruction_text', 'instruction_attributes', 'MainImage'])
Example product 'name': Vhomes Lights Reclaimed Wood Console Table The Genessis Collection Sofa-Tables
Example product 'full_description': Solid, Reclaimed Fir Wood In Natural, Sun Bleached Finish With Light Antiquing Glaze.
127.0.0.1 - - [29/Mar/2026 23:40:20] "GET /mc_eval_4_0 HTTP/1.1" 200 -
Number of products loaded: 1000
Example product keys: dict_keys(['name', 'full_description', 'pricing', 'images', 'product_category', 'average_rating', 'small_description', 'customization_options', 
'asin', 'category', 'query', 'page', 'Title', 'Description', 'Reviews', 'Rating', 'BulletPoints', 'Price', 'options', 'option_to_image', 'Attributes', 
'instruction_text', 'instruction_attributes', 'MainImage'])
Example product 'name': Vhomes Lights Reclaimed Wood Console Table The Genessis Collection Sofa-Tables
Example product 'full_description': Solid, Reclaimed Fir Wood In Natural, Sun Bleached Finish With Light Antiquing Glaze.
127.0.0.1 - - [29/Mar/2026 23:40:21] "GET /mc_eval_4_0 HTTP/1.1" 200 -
Number of products loaded: 1000
Example product keys: dict_keys(['name', 'full_description', 'pricing', 'images', 'product_category', 'average_rating', 'small_description', 'customization_options', 
'asin', 'category', 'query', 'page', 'Title', 'Description', 'Reviews', 'Rating', 'BulletPoints', 'Price', 'options', 'option_to_image', 'Attributes', 
'instruction_text', 'instruction_attributes', 'MainImage'])
Example product 'name': Vhomes Lights Reclaimed Wood Console Table The Genessis Collection Sofa-Tables
Example product 'full_description': Solid, Reclaimed Fir Wood In Natural, Sun Bleached Finish With Light Antiquing Glaze.
127.0.0.1 - - [29/Mar/2026 23:40:23] "GET /mc_eval_4_0 HTTP/1.1" 200 -
Number of products loaded: 1000
Example product keys: dict_keys(['name', 'full_description', 'pricing', 'images', 'product_category', 'average_rating', 'small_description', 'customization_options', 
'asin', 'category', 'query', 'page', 'Title', 'Description', 'Reviews', 'Rating', 'BulletPoints', 'Price', 'options', 'option_to_image', 'Attributes', 
'instruction_text', 'instruction_attributes', 'MainImage'])
Example product 'name': Vhomes Lights Reclaimed Wood Console Table The Genessis Collection Sofa-Tables
Example product 'full_description': Solid, Reclaimed Fir Wood In Natural, Sun Bleached Finish With Light Antiquing Glaze.
127.0.0.1 - - [29/Mar/2026 23:40:26] "GET /mc_eval_4_0 HTTP/1.1" 200 -
Number of products loaded: 1000
Example product keys: dict_keys(['name', 'full_description', 'pricing', 'images', 'product_category', 'average_rating', 'small_description', 'customization_options', 
'asin', 'category', 'query', 'page', 'Title', 'Description', 'Reviews', 'Rating', 'BulletPoints', 'Price', 'options', 'option_to_image', 'Attributes', 
'instruction_text', 'instruction_attributes', 'MainImage'])
Example product 'name': Vhomes Lights Reclaimed Wood Console Table The Genessis Collection Sofa-Tables
Example product 'full_description': Solid, Reclaimed Fir Wood In Natural, Sun Bleached Finish With Light Antiquing Glaze.
127.0.0.1 - - [29/Mar/2026 23:40:29] "GET /mc_eval_4_0 HTTP/1.1" 200 -
Number of products loaded: 1000
Example product keys: dict_keys(['name', 'full_description', 'pricing', 'images', 'product_category', 'average_rating', 'small_description', 'customization_options', 
'asin', 'category', 'query', 'page', 'Title', 'Description', 'Reviews', 'Rating', 'BulletPoints', 'Price', 'options', 'option_to_image', 'Attributes', 
'instruction_text', 'instruction_attributes', 'MainImage'])
Example product 'name': Vhomes Lights Reclaimed Wood Console Table The Genessis Collection Sofa-Tables
Example product 'full_description': Solid, Reclaimed Fir Wood In Natural, Sun Bleached Finish With Light Antiquing Glaze.
127.0.0.1 - - [29/Mar/2026 23:40:31] "GET /mc_eval_4_0 HTTP/1.1" 200 -
Number of products loaded: 1000
Example product keys: dict_keys(['name', 'full_description', 'pricing', 'images', 'product_category', 'average_rating', 'small_description', 'customization_options', 
'asin', 'category', 'query', 'page', 'Title', 'Description', 'Reviews', 'Rating', 'BulletPoints', 'Price', 'options', 'option_to_image', 'Attributes', 
'instruction_text', 'instruction_attributes', 'MainImage'])
Example product 'name': Vhomes Lights Reclaimed Wood Console Table The Genessis Collection Sofa-Tables
Example product 'full_description': Solid, Reclaimed Fir Wood In Natural, Sun Bleached Finish With Light Antiquing Glaze.
127.0.0.1 - - [29/Mar/2026 23:40:34] "GET /mc_eval_4_0 HTTP/1.1" 200 -
Number of products loaded: 1000
Example product keys: dict_keys(['name', 'full_description', 'pricing', 'images', 'product_category', 'average_rating', 'small_description', 'customization_options', 
'asin', 'category', 'query', 'page', 'Title', 'Description', 'Reviews', 'Rating', 'BulletPoints', 'Price', 'options', 'option_to_image', 'Attributes', 
'instruction_text', 'instruction_attributes', 'MainImage'])
Example product 'name': Vhomes Lights Reclaimed Wood Console Table The Genessis Collection Sofa-Tables
Example product 'full_description': Solid, Reclaimed Fir Wood In Natural, Sun Bleached Finish With Light Antiquing Glaze.
127.0.0.1 - - [29/Mar/2026 23:40:37] "GET /mc_eval_4_0 HTTP/1.1" 200 -
Number of products loaded: 1000
Example product keys: dict_keys(['name', 'full_description', 'pricing', 'images', 'product_category', 'average_rating', 'small_description', 'customization_options', 
'asin', 'category', 'query', 'page', 'Title', 'Description', 'Reviews', 'Rating', 'BulletPoints', 'Price', 'options', 'option_to_image', 'Attributes', 
'instruction_text', 'instruction_attributes', 'MainImage'])
Example product 'name': Vhomes Lights Reclaimed Wood Console Table The Genessis Collection Sofa-Tables
Example product 'full_description': Solid, Reclaimed Fir Wood In Natural, Sun Bleached Finish With Light Antiquing Glaze.
127.0.0.1 - - [29/Mar/2026 23:40:37] "GET /mc_train_707_0 HTTP/1.1" 200 -
Number of products loaded: 1000
Example product keys: dict_keys(['name', 'full_description', 'pricing', 'images', 'product_category', 'average_rating', 'small_description', 'customization_options', 
'asin', 'category', 'query', 'page', 'Title', 'Description', 'Reviews', 'Rating', 'BulletPoints', 'Price', 'options', 'option_to_image', 'Attributes', 
'instruction_text', 'instruction_attributes', 'MainImage'])
Example product 'name': Vhomes Lights Reclaimed Wood Console Table The Genessis Collection Sofa-Tables
Example product 'full_description': Solid, Reclaimed Fir Wood In Natural, Sun Bleached Finish With Light Antiquing Glaze.
127.0.0.1 - - [29/Mar/2026 23:40:39] "GET /mc_train_707_0 HTTP/1.1" 200 -
Number of products loaded: 1000
Example product keys: dict_keys(['name', 'full_description', 'pricing', 'images', 'product_category', 'average_rating', 'small_description', 'customization_options', 
'asin', 'category', 'query', 'page', 'Title', 'Description', 'Reviews', 'Rating', 'BulletPoints', 'Price', 'options', 'option_to_image', 'Attributes', 
'instruction_text', 'instruction_attributes', 'MainImage'])
Example product 'name': Vhomes Lights Reclaimed Wood Console Table The Genessis Collection Sofa-Tables
Example product 'full_description': Solid, Reclaimed Fir Wood In Natural, Sun Bleached Finish With Light Antiquing Glaze.
127.0.0.1 - - [29/Mar/2026 23:40:40] "GET /mc_train_707_0 HTTP/1.1" 200 -
Number of products loaded: 1000
Example product keys: dict_keys(['name', 'full_description', 'pricing', 'images', 'product_category', 'average_rating', 'small_description', 'customization_options', 
'asin', 'category', 'query', 'page', 'Title', 'Description', 'Reviews', 'Rating', 'BulletPoints', 'Price', 'options', 'option_to_image', 'Attributes', 
'instruction_text', 'instruction_attributes', 'MainImage'])
Example product 'name': Vhomes Lights Reclaimed Wood Console Table The Genessis Collection Sofa-Tables
Example product 'full_description': Solid, Reclaimed Fir Wood In Natural, Sun Bleached Finish With Light Antiquing Glaze.
127.0.0.1 - - [29/Mar/2026 23:40:43] "GET /mc_train_707_0 HTTP/1.1" 200 -
Number of products loaded: 1000
Example product keys: dict_keys(['name', 'full_description', 'pricing', 'images', 'product_category', 'average_rating', 'small_description', 'customization_options', 
'asin', 'category', 'query', 'page', 'Title', 'Description', 'Reviews', 'Rating', 'BulletPoints', 'Price', 'options', 'option_to_image', 'Attributes', 
'instruction_text', 'instruction_attributes', 'MainImage'])
Example product 'name': Vhomes Lights Reclaimed Wood Console Table The Genessis Collection Sofa-Tables
Example product 'full_description': Solid, Reclaimed Fir Wood In Natural, Sun Bleached Finish With Light Antiquing Glaze.
127.0.0.1 - - [29/Mar/2026 23:40:43] "GET /mc_train_707_0 HTTP/1.1" 200 -
Number of products loaded: 1000
Example product keys: dict_keys(['name', 'full_description', 'pricing', 'images', 'product_category', 'average_rating', 'small_description', 'customization_options', 
'asin', 'category', 'query', 'page', 'Title', 'Description', 'Reviews', 'Rating', 'BulletPoints', 'Price', 'options', 'option_to_image', 'Attributes', 
'instruction_text', 'instruction_attributes', 'MainImage'])
Example product 'name': Vhomes Lights Reclaimed Wood Console Table The Genessis Collection Sofa-Tables
Example product 'full_description': Solid, Reclaimed Fir Wood In Natural, Sun Bleached Finish With Light Antiquing Glaze.
127.0.0.1 - - [29/Mar/2026 23:40:46] "GET /mc_train_707_0 HTTP/1.1" 200 -
Number of products loaded: 1000
Example product keys: dict_keys(['name', 'full_description', 'pricing', 'images', 'product_category', 'average_rating', 'small_description', 'customization_options', 
'asin', 'category', 'query', 'page', 'Title', 'Description', 'Reviews', 'Rating', 'BulletPoints', 'Price', 'options', 'option_to_image', 'Attributes', 
'instruction_text', 'instruction_attributes', 'MainImage'])
Example product 'name': Vhomes Lights Reclaimed Wood Console Table The Genessis Collection Sofa-Tables
Example product 'full_description': Solid, Reclaimed Fir Wood In Natural, Sun Bleached Finish With Light Antiquing Glaze.
127.0.0.1 - - [29/Mar/2026 23:40:48] "GET /mc_train_707_0 HTTP/1.1" 200 -
Number of products loaded: 1000
Example product keys: dict_keys(['name', 'full_description', 'pricing', 'images', 'product_category', 'average_rating', 'small_description', 'customization_options', 
'asin', 'category', 'query', 'page', 'Title', 'Description', 'Reviews', 'Rating', 'BulletPoints', 'Price', 'options', 'option_to_image', 'Attributes', 
'instruction_text', 'instruction_attributes', 'MainImage'])
Example product 'name': Vhomes Lights Reclaimed Wood Console Table The Genessis Collection Sofa-Tables
Example product 'full_description': Solid, Reclaimed Fir Wood In Natural, Sun Bleached Finish With Light Antiquing Glaze.
127.0.0.1 - - [29/Mar/2026 23:40:51] "GET /mc_train_707_0 HTTP/1.1" 200 -
Number of products loaded: 1000
Example product keys: dict_keys(['name', 'full_description', 'pricing', 'images', 'product_category', 'average_rating', 'small_description', 'customization_options', 
'asin', 'category', 'query', 'page', 'Title', 'Description', 'Reviews', 'Rating', 'BulletPoints', 'Price', 'options', 'option_to_image', 'Attributes', 
'instruction_text', 'instruction_attributes', 'MainImage'])
Example product 'name': Vhomes Lights Reclaimed Wood Console Table The Genessis Collection Sofa-Tables
Example product 'full_description': Solid, Reclaimed Fir Wood In Natural, Sun Bleached Finish With Light Antiquing Glaze.
127.0.0.1 - - [29/Mar/2026 23:40:54] "GET /mc_train_707_0 HTTP/1.1" 200 -
Number of products loaded: 1000
Example product keys: dict_keys(['name', 'full_description', 'pricing', 'images', 'product_category', 'average_rating', 'small_description', 'customization_options', 
'asin', 'category', 'query', 'page', 'Title', 'Description', 'Reviews', 'Rating', 'BulletPoints', 'Price', 'options', 'option_to_image', 'Attributes', 
'instruction_text', 'instruction_attributes', 'MainImage'])
Example product 'name': Vhomes Lights Reclaimed Wood Console Table The Genessis Collection Sofa-Tables
Example product 'full_description': Solid, Reclaimed Fir Wood In Natural, Sun Bleached Finish With Light Antiquing Glaze.
127.0.0.1 - - [29/Mar/2026 23:40:56] "GET /mc_train_707_0 HTTP/1.1" 200 -
Number of products loaded: 1000
Example product keys: dict_keys(['name', 'full_description', 'pricing', 'images', 'product_category', 'average_rating', 'small_description', 'customization_options', 
'asin', 'category', 'query', 'page', 'Title', 'Description', 'Reviews', 'Rating', 'BulletPoints', 'Price', 'options', 'option_to_image', 'Attributes', 
'instruction_text', 'instruction_attributes', 'MainImage'])
Example product 'name': Vhomes Lights Reclaimed Wood Console Table The Genessis Collection Sofa-Tables
Example product 'full_description': Solid, Reclaimed Fir Wood In Natural, Sun Bleached Finish With Light Antiquing Glaze.
127.0.0.1 - - [29/Mar/2026 23:40:59] "GET /mc_train_707_0 HTTP/1.1" 200 -
Number of products loaded: 1000
Example product keys: dict_keys(['name', 'full_description', 'pricing', 'images', 'product_category', 'average_rating', 'small_description', 'customization_options', 
'asin', 'category', 'query', 'page', 'Title', 'Description', 'Reviews', 'Rating', 'BulletPoints', 'Price', 'options', 'option_to_image', 'Attributes', 
'instruction_text', 'instruction_attributes', 'MainImage'])
Example product 'name': Vhomes Lights Reclaimed Wood Console Table The Genessis Collection Sofa-Tables
Example product 'full_description': Solid, Reclaimed Fir Wood In Natural, Sun Bleached Finish With Light Antiquing Glaze.
127.0.0.1 - - [29/Mar/2026 23:41:01] "GET /mc_train_707_0 HTTP/1.1" 200 -
Number of products loaded: 1000
Example product keys: dict_keys(['name', 'full_description', 'pricing', 'images', 'product_category', 'average_rating', 'small_description', 'customization_options', 
'asin', 'category', 'query', 'page', 'Title', 'Description', 'Reviews', 'Rating', 'BulletPoints', 'Price', 'options', 'option_to_image', 'Attributes', 
'instruction_text', 'instruction_attributes', 'MainImage'])
Example product 'name': Vhomes Lights Reclaimed Wood Console Table The Genessis Collection Sofa-Tables
Example product 'full_description': Solid, Reclaimed Fir Wood In Natural, Sun Bleached Finish With Light Antiquing Glaze.
127.0.0.1 - - [29/Mar/2026 23:41:04] "GET /mc_train_707_0 HTTP/1.1" 200 -
Number of products loaded: 1000
Example product keys: dict_keys(['name', 'full_description', 'pricing', 'images', 'product_category', 'average_rating', 'small_description', 'customization_options', 
'asin', 'category', 'query', 'page', 'Title', 'Description', 'Reviews', 'Rating', 'BulletPoints', 'Price', 'options', 'option_to_image', 'Attributes', 
'instruction_text', 'instruction_attributes', 'MainImage'])
Example product 'name': Vhomes Lights Reclaimed Wood Console Table The Genessis Collection Sofa-Tables
Example product 'full_description': Solid, Reclaimed Fir Wood In Natural, Sun Bleached Finish With Light Antiquing Glaze.
127.0.0.1 - - [29/Mar/2026 23:41:04] "GET /mc_train_707_0 HTTP/1.1" 200 -
Number of products loaded: 1000
Example product keys: dict_keys(['name', 'full_description', 'pricing', 'images', 'product_category', 'average_rating', 'small_description', 'customization_options', 
'asin', 'category', 'query', 'page', 'Title', 'Description', 'Reviews', 'Rating', 'BulletPoints', 'Price', 'options', 'option_to_image', 'Attributes', 
'instruction_text', 'instruction_attributes', 'MainImage'])
Example product 'name': Vhomes Lights Reclaimed Wood Console Table The Genessis Collection Sofa-Tables
Example product 'full_description': Solid, Reclaimed Fir Wood In Natural, Sun Bleached Finish With Light Antiquing Glaze.
127.0.0.1 - - [29/Mar/2026 23:41:07] "GET /mc_train_707_0 HTTP/1.1" 200 -
Number of products loaded: 1000
Example product keys: dict_keys(['name', 'full_description', 'pricing', 'images', 'product_category', 'average_rating', 'small_description', 'customization_options', 
'asin', 'category', 'query', 'page', 'Title', 'Description', 'Reviews', 'Rating', 'BulletPoints', 'Price', 'options', 'option_to_image', 'Attributes', 
'instruction_text', 'instruction_attributes', 'MainImage'])
Example product 'name': Vhomes Lights Reclaimed Wood Console Table The Genessis Collection Sofa-Tables
Example product 'full_description': Solid, Reclaimed Fir Wood In Natural, Sun Bleached Finish With Light Antiquing Glaze.
127.0.0.1 - - [29/Mar/2026 23:41:10] "GET /mc_train_707_0 HTTP/1.1" 200 -
127.0.0.1 - - [29/Mar/2026 23:42:02] "[32mGET / HTTP/1.1[0m" 302 -
Number of products loaded: 1000
Example product keys: dict_keys(['name', 'full_description', 'pricing', 'images', 'product_category', 'average_rating', 'small_description', 'customization_options', 
'asin', 'category', 'query', 'page', 'Title', 'Description', 'Reviews', 'Rating', 'BulletPoints', 'Price', 'options', 'option_to_image', 'Attributes', 
'instruction_text', 'instruction_attributes', 'MainImage'])
Example product 'name': Vhomes Lights Reclaimed Wood Console Table The Genessis Collection Sofa-Tables
Example product 'full_description': Solid, Reclaimed Fir Wood In Natural, Sun Bleached Finish With Light Antiquing Glaze.
127.0.0.1 - - [29/Mar/2026 23:42:02] "GET /abc HTTP/1.1" 200 -
Number of products loaded: 1000
Example product keys: dict_keys(['name', 'full_description', 'pricing', 'images', 'product_category', 'average_rating', 'small_description', 'customization_options', 
'asin', 'category', 'query', 'page', 'Title', 'Description', 'Reviews', 'Rating', 'BulletPoints', 'Price', 'options', 'option_to_image', 'Attributes', 
'instruction_text', 'instruction_attributes', 'MainImage'])
Example product 'name': Vhomes Lights Reclaimed Wood Console Table The Genessis Collection Sofa-Tables
Example product 'full_description': Solid, Reclaimed Fir Wood In Natural, Sun Bleached Finish With Light Antiquing Glaze.
127.0.0.1 - - [29/Mar/2026 23:42:02] "GET /mc_eval_4_0 HTTP/1.1" 200 -
Number of products loaded: 1000
Example product keys: dict_keys(['name', 'full_description', 'pricing', 'images', 'product_category', 'average_rating', 'small_description', 'customization_options', 
'asin', 'category', 'query', 'page', 'Title', 'Description', 'Reviews', 'Rating', 'BulletPoints', 'Price', 'options', 'option_to_image', 'Attributes', 
'instruction_text', 'instruction_attributes', 'MainImage'])
Example product 'name': Vhomes Lights Reclaimed Wood Console Table The Genessis Collection Sofa-Tables
Example product 'full_description': Solid, Reclaimed Fir Wood In Natural, Sun Bleached Finish With Light Antiquing Glaze.
127.0.0.1 - - [29/Mar/2026 23:42:05] "GET /mc_eval_4_0 HTTP/1.1" 200 -
Number of products loaded: 1000
Example product keys: dict_keys(['name', 'full_description', 'pricing', 'images', 'product_category', 'average_rating', 'small_description', 'customization_options', 
'asin', 'category', 'query', 'page', 'Title', 'Description', 'Reviews', 'Rating', 'BulletPoints', 'Price', 'options', 'option_to_image', 'Attributes', 
'instruction_text', 'instruction_attributes', 'MainImage'])
Example product 'name': Vhomes Lights Reclaimed Wood Console Table The Genessis Collection Sofa-Tables
Example product 'full_description': Solid, Reclaimed Fir Wood In Natural, Sun Bleached Finish With Light Antiquing Glaze.
127.0.0.1 - - [29/Mar/2026 23:42:07] "GET /mc_eval_4_0 HTTP/1.1" 200 -
Number of products loaded: 1000
Example product keys: dict_keys(['name', 'full_description', 'pricing', 'images', 'product_category', 'average_rating', 'small_description', 'customization_options', 
'asin', 'category', 'query', 'page', 'Title', 'Description', 'Reviews', 'Rating', 'BulletPoints', 'Price', 'options', 'option_to_image', 'Attributes', 
'instruction_text', 'instruction_attributes', 'MainImage'])
Example product 'name': Vhomes Lights Reclaimed Wood Console Table The Genessis Collection Sofa-Tables
Example product 'full_description': Solid, Reclaimed Fir Wood In Natural, Sun Bleached Finish With Light Antiquing Glaze.
127.0.0.1 - - [29/Mar/2026 23:42:08] "GET /mc_eval_4_0 HTTP/1.1" 200 -
Number of products loaded: 1000
Example product keys: dict_keys(['name', 'full_description', 'pricing', 'images', 'product_category', 'average_rating', 'small_description', 'customization_options', 
'asin', 'category', 'query', 'page', 'Title', 'Description', 'Reviews', 'Rating', 'BulletPoints', 'Price', 'options', 'option_to_image', 'Attributes', 
'instruction_text', 'instruction_attributes', 'MainImage'])
Example product 'name': Vhomes Lights Reclaimed Wood Console Table The Genessis Collection Sofa-Tables
Example product 'full_description': Solid, Reclaimed Fir Wood In Natural, Sun Bleached Finish With Light Antiquing Glaze.
127.0.0.1 - - [29/Mar/2026 23:42:10] "GET /mc_eval_4_0 HTTP/1.1" 200 -
Number of products loaded: 1000
Example product keys: dict_keys(['name', 'full_description', 'pricing', 'images', 'product_category', 'average_rating', 'small_description', 'customization_options', 
'asin', 'category', 'query', 'page', 'Title', 'Description', 'Reviews', 'Rating', 'BulletPoints', 'Price', 'options', 'option_to_image', 'Attributes', 
'instruction_text', 'instruction_attributes', 'MainImage'])
Example product 'name': Vhomes Lights Reclaimed Wood Console Table The Genessis Collection Sofa-Tables
Example product 'full_description': Solid, Reclaimed Fir Wood In Natural, Sun Bleached Finish With Light Antiquing Glaze.
127.0.0.1 - - [29/Mar/2026 23:42:13] "GET /mc_eval_4_0 HTTP/1.1" 200 -
Number of products loaded: 1000
Example product keys: dict_keys(['name', 'full_description', 'pricing', 'images', 'product_category', 'average_rating', 'small_description', 'customization_options', 
'asin', 'category', 'query', 'page', 'Title', 'Description', 'Reviews', 'Rating', 'BulletPoints', 'Price', 'options', 'option_to_image', 'Attributes', 
'instruction_text', 'instruction_attributes', 'MainImage'])
Example product 'name': Vhomes Lights Reclaimed Wood Console Table The Genessis Collection Sofa-Tables
Example product 'full_description': Solid, Reclaimed Fir Wood In Natural, Sun Bleached Finish With Light Antiquing Glaze.
127.0.0.1 - - [29/Mar/2026 23:42:13] "GET /mc_eval_4_0 HTTP/1.1" 200 -
Number of products loaded: 1000
Example product keys: dict_keys(['name', 'full_description', 'pricing', 'images', 'product_category', 'average_rating', 'small_description', 'customization_options', 
'asin', 'category', 'query', 'page', 'Title', 'Description', 'Reviews', 'Rating', 'BulletPoints', 'Price', 'options', 'option_to_image', 'Attributes', 
'instruction_text', 'instruction_attributes', 'MainImage'])
Example product 'name': Vhomes Lights Reclaimed Wood Console Table The Genessis Collection Sofa-Tables
Example product 'full_description': Solid, Reclaimed Fir Wood In Natural, Sun Bleached Finish With Light Antiquing Glaze.
127.0.0.1 - - [29/Mar/2026 23:42:16] "GET /mc_eval_4_0 HTTP/1.1" 200 -
Number of products loaded: 1000
Example product keys: dict_keys(['name', 'full_description', 'pricing', 'images', 'product_category', 'average_rating', 'small_description', 'customization_options', 
'asin', 'category', 'query', 'page', 'Title', 'Description', 'Reviews', 'Rating', 'BulletPoints', 'Price', 'options', 'option_to_image', 'Attributes', 
'instruction_text', 'instruction_attributes', 'MainImage'])
Example product 'name': Vhomes Lights Reclaimed Wood Console Table The Genessis Collection Sofa-Tables
Example product 'full_description': Solid, Reclaimed Fir Wood In Natural, Sun Bleached Finish With Light Antiquing Glaze.
127.0.0.1 - - [29/Mar/2026 23:42:16] "GET /mc_eval_4_0 HTTP/1.1" 200 -
Number of products loaded: 1000
Example product keys: dict_keys(['name', 'full_description', 'pricing', 'images', 'product_category', 'average_rating', 'small_description', 'customization_options', 
'asin', 'category', 'query', 'page', 'Title', 'Description', 'Reviews', 'Rating', 'BulletPoints', 'Price', 'options', 'option_to_image', 'Attributes', 
'instruction_text', 'instruction_attributes', 'MainImage'])
Example product 'name': Vhomes Lights Reclaimed Wood Console Table The Genessis Collection Sofa-Tables
Example product 'full_description': Solid, Reclaimed Fir Wood In Natural, Sun Bleached Finish With Light Antiquing Glaze.
127.0.0.1 - - [29/Mar/2026 23:42:19] "GET /mc_eval_4_0 HTTP/1.1" 200 -
Number of products loaded: 1000
Example product keys: dict_keys(['name', 'full_description', 'pricing', 'images', 'product_category', 'average_rating', 'small_description', 'customization_options', 
'asin', 'category', 'query', 'page', 'Title', 'Description', 'Reviews', 'Rating', 'BulletPoints', 'Price', 'options', 'option_to_image', 'Attributes', 
'instruction_text', 'instruction_attributes', 'MainImage'])
Example product 'name': Vhomes Lights Reclaimed Wood Console Table The Genessis Collection Sofa-Tables
Example product 'full_description': Solid, Reclaimed Fir Wood In Natural, Sun Bleached Finish With Light Antiquing Glaze.
127.0.0.1 - - [29/Mar/2026 23:42:21] "GET /mc_eval_4_0 HTTP/1.1" 200 -
Number of products loaded: 1000
Example product keys: dict_keys(['name', 'full_description', 'pricing', 'images', 'product_category', 'average_rating', 'small_description', 'customization_options', 
'asin', 'category', 'query', 'page', 'Title', 'Description', 'Reviews', 'Rating', 'BulletPoints', 'Price', 'options', 'option_to_image', 'Attributes', 
'instruction_text', 'instruction_attributes', 'MainImage'])
Example product 'name': Vhomes Lights Reclaimed Wood Console Table The Genessis Collection Sofa-Tables
Example product 'full_description': Solid, Reclaimed Fir Wood In Natural, Sun Bleached Finish With Light Antiquing Glaze.
127.0.0.1 - - [29/Mar/2026 23:42:24] "GET /mc_eval_4_0 HTTP/1.1" 200 -
Number of products loaded: 1000
Example product keys: dict_keys(['name', 'full_description', 'pricing', 'images', 'product_category', 'average_rating', 'small_description', 'customization_options', 
'asin', 'category', 'query', 'page', 'Title', 'Description', 'Reviews', 'Rating', 'BulletPoints', 'Price', 'options', 'option_to_image', 'Attributes', 
'instruction_text', 'instruction_attributes', 'MainImage'])
Example product 'name': Vhomes Lights Reclaimed Wood Console Table The Genessis Collection Sofa-Tables
Example product 'full_description': Solid, Reclaimed Fir Wood In Natural, Sun Bleached Finish With Light Antiquing Glaze.
127.0.0.1 - - [29/Mar/2026 23:42:27] "GET /mc_eval_4_0 HTTP/1.1" 200 -
Number of products loaded: 1000
Example product keys: dict_keys(['name', 'full_description', 'pricing', 'images', 'product_category', 'average_rating', 'small_description', 'customization_options', 
'asin', 'category', 'query', 'page', 'Title', 'Description', 'Reviews', 'Rating', 'BulletPoints', 'Price', 'options', 'option_to_image', 'Attributes', 
'instruction_text', 'instruction_attributes', 'MainImage'])
Example product 'name': Vhomes Lights Reclaimed Wood Console Table The Genessis Collection Sofa-Tables
Example product 'full_description': Solid, Reclaimed Fir Wood In Natural, Sun Bleached Finish With Light Antiquing Glaze.
127.0.0.1 - - [29/Mar/2026 23:42:29] "GET /mc_eval_4_0 HTTP/1.1" 200 -
Number of products loaded: 1000
Example product keys: dict_keys(['name', 'full_description', 'pricing', 'images', 'product_category', 'average_rating', 'small_description', 'customization_options', 
'asin', 'category', 'query', 'page', 'Title', 'Description', 'Reviews', 'Rating', 'BulletPoints', 'Price', 'options', 'option_to_image', 'Attributes', 
'instruction_text', 'instruction_attributes', 'MainImage'])
Example product 'name': Vhomes Lights Reclaimed Wood Console Table The Genessis Collection Sofa-Tables
Example product 'full_description': Solid, Reclaimed Fir Wood In Natural, Sun Bleached Finish With Light Antiquing Glaze.
127.0.0.1 - - [29/Mar/2026 23:42:32] "GET /mc_eval_4_0 HTTP/1.1" 200 -
Number of products loaded: 1000
Example product keys: dict_keys(['name', 'full_description', 'pricing', 'images', 'product_category', 'average_rating', 'small_description', 'customization_options', 
'asin', 'category', 'query', 'page', 'Title', 'Description', 'Reviews', 'Rating', 'BulletPoints', 'Price', 'options', 'option_to_image', 'Attributes', 
'instruction_text', 'instruction_attributes', 'MainImage'])
Example product 'name': Vhomes Lights Reclaimed Wood Console Table The Genessis Collection Sofa-Tables
Example product 'full_description': Solid, Reclaimed Fir Wood In Natural, Sun Bleached Finish With Light Antiquing Glaze.
127.0.0.1 - - [29/Mar/2026 23:42:34] "GET /mc_eval_4_0 HTTP/1.1" 200 -
Number of products loaded: 1000
Example product keys: dict_keys(['name', 'full_description', 'pricing', 'images', 'product_category', 'average_rating', 'small_description', 'customization_options', 
'asin', 'category', 'query', 'page', 'Title', 'Description', 'Reviews', 'Rating', 'BulletPoints', 'Price', 'options', 'option_to_image', 'Attributes', 
'instruction_text', 'instruction_attributes', 'MainImage'])
Example product 'name': Vhomes Lights Reclaimed Wood Console Table The Genessis Collection Sofa-Tables
Example product 'full_description': Solid, Reclaimed Fir Wood In Natural, Sun Bleached Finish With Light Antiquing Glaze.
127.0.0.1 - - [29/Mar/2026 23:42:35] "GET /mc_train_707_0 HTTP/1.1" 200 -
Number of products loaded: 1000
Example product keys: dict_keys(['name', 'full_description', 'pricing', 'images', 'product_category', 'average_rating', 'small_description', 'customization_options', 
'asin', 'category', 'query', 'page', 'Title', 'Description', 'Reviews', 'Rating', 'BulletPoints', 'Price', 'options', 'option_to_image', 'Attributes', 
'instruction_text', 'instruction_attributes', 'MainImage'])
Example product 'name': Vhomes Lights Reclaimed Wood Console Table The Genessis Collection Sofa-Tables
Example product 'full_description': Solid, Reclaimed Fir Wood In Natural, Sun Bleached Finish With Light Antiquing Glaze.
127.0.0.1 - - [29/Mar/2026 23:42:37] "GET /mc_train_707_0 HTTP/1.1" 200 -
Number of products loaded: 1000
Example product keys: dict_keys(['name', 'full_description', 'pricing', 'images', 'product_category', 'average_rating', 'small_description', 'customization_options', 
'asin', 'category', 'query', 'page', 'Title', 'Description', 'Reviews', 'Rating', 'BulletPoints', 'Price', 'options', 'option_to_image', 'Attributes', 
'instruction_text', 'instruction_attributes', 'MainImage'])
Example product 'name': Vhomes Lights Reclaimed Wood Console Table The Genessis Collection Sofa-Tables
Example product 'full_description': Solid, Reclaimed Fir Wood In Natural, Sun Bleached Finish With Light Antiquing Glaze.
127.0.0.1 - - [29/Mar/2026 23:42:37] "GET /mc_train_707_0 HTTP/1.1" 200 -
Number of products loaded: 1000
Example product keys: dict_keys(['name', 'full_description', 'pricing', 'images', 'product_category', 'average_rating', 'small_description', 'customization_options', 
'asin', 'category', 'query', 'page', 'Title', 'Description', 'Reviews', 'Rating', 'BulletPoints', 'Price', 'options', 'option_to_image', 'Attributes', 
'instruction_text', 'instruction_attributes', 'MainImage'])
Example product 'name': Vhomes Lights Reclaimed Wood Console Table The Genessis Collection Sofa-Tables
Example product 'full_description': Solid, Reclaimed Fir Wood In Natural, Sun Bleached Finish With Light Antiquing Glaze.
127.0.0.1 - - [29/Mar/2026 23:42:37] "GET /mc_train_707_0 HTTP/1.1" 200 -
Number of products loaded: 1000
Example product keys: dict_keys(['name', 'full_description', 'pricing', 'images', 'product_category', 'average_rating', 'small_description', 'customization_options', 
'asin', 'category', 'query', 'page', 'Title', 'Description', 'Reviews', 'Rating', 'BulletPoints', 'Price', 'options', 'option_to_image', 'Attributes', 
'instruction_text', 'instruction_attributes', 'MainImage'])
Example product 'name': Vhomes Lights Reclaimed Wood Console Table The Genessis Collection Sofa-Tables
Example product 'full_description': Solid, Reclaimed Fir Wood In Natural, Sun Bleached Finish With Light Antiquing Glaze.
127.0.0.1 - - [29/Mar/2026 23:42:40] "GET /mc_train_707_0 HTTP/1.1" 200 -
Number of products loaded: 1000
Example product keys: dict_keys(['name', 'full_description', 'pricing', 'images', 'product_category', 'average_rating', 'small_description', 'customization_options', 
'asin', 'category', 'query', 'page', 'Title', 'Description', 'Reviews', 'Rating', 'BulletPoints', 'Price', 'options', 'option_to_image', 'Attributes', 
'instruction_text', 'instruction_attributes', 'MainImage'])
Example product 'name': Vhomes Lights Reclaimed Wood Console Table The Genessis Collection Sofa-Tables
Example product 'full_description': Solid, Reclaimed Fir Wood In Natural, Sun Bleached Finish With Light Antiquing Glaze.
127.0.0.1 - - [29/Mar/2026 23:42:43] "GET /mc_train_707_0 HTTP/1.1" 200 -
Number of products loaded: 1000
Example product keys: dict_keys(['name', 'full_description', 'pricing', 'images', 'product_category', 'average_rating', 'small_description', 'customization_options', 
'asin', 'category', 'query', 'page', 'Title', 'Description', 'Reviews', 'Rating', 'BulletPoints', 'Price', 'options', 'option_to_image', 'Attributes', 
'instruction_text', 'instruction_attributes', 'MainImage'])
Example product 'name': Vhomes Lights Reclaimed Wood Console Table The Genessis Collection Sofa-Tables
Example product 'full_description': Solid, Reclaimed Fir Wood In Natural, Sun Bleached Finish With Light Antiquing Glaze.
127.0.0.1 - - [29/Mar/2026 23:42:45] "GET /mc_train_707_0 HTTP/1.1" 200 -
Number of products loaded: 1000
Example product keys: dict_keys(['name', 'full_description', 'pricing', 'images', 'product_category', 'average_rating', 'small_description', 'customization_options', 
'asin', 'category', 'query', 'page', 'Title', 'Description', 'Reviews', 'Rating', 'BulletPoints', 'Price', 'options', 'option_to_image', 'Attributes', 
'instruction_text', 'instruction_attributes', 'MainImage'])
Example product 'name': Vhomes Lights Reclaimed Wood Console Table The Genessis Collection Sofa-Tables
Example product 'full_description': Solid, Reclaimed Fir Wood In Natural, Sun Bleached Finish With Light Antiquing Glaze.
127.0.0.1 - - [29/Mar/2026 23:42:46] "GET /mc_train_707_0 HTTP/1.1" 200 -
Number of products loaded: 1000
Example product keys: dict_keys(['name', 'full_description', 'pricing', 'images', 'product_category', 'average_rating', 'small_description', 'customization_options', 
'asin', 'category', 'query', 'page', 'Title', 'Description', 'Reviews', 'Rating', 'BulletPoints', 'Price', 'options', 'option_to_image', 'Attributes', 
'instruction_text', 'instruction_attributes', 'MainImage'])
Example product 'name': Vhomes Lights Reclaimed Wood Console Table The Genessis Collection Sofa-Tables
Example product 'full_description': Solid, Reclaimed Fir Wood In Natural, Sun Bleached Finish With Light Antiquing Glaze.
127.0.0.1 - - [29/Mar/2026 23:42:48] "GET /mc_train_707_0 HTTP/1.1" 200 -
Number of products loaded: 1000
Example product keys: dict_keys(['name', 'full_description', 'pricing', 'images', 'product_category', 'average_rating', 'small_description', 'customization_options', 
'asin', 'category', 'query', 'page', 'Title', 'Description', 'Reviews', 'Rating', 'BulletPoints', 'Price', 'options', 'option_to_image', 'Attributes', 
'instruction_text', 'instruction_attributes', 'MainImage'])
Example product 'name': Vhomes Lights Reclaimed Wood Console Table The Genessis Collection Sofa-Tables
Example product 'full_description': Solid, Reclaimed Fir Wood In Natural, Sun Bleached Finish With Light Antiquing Glaze.
127.0.0.1 - - [29/Mar/2026 23:42:49] "GET /mc_train_707_0 HTTP/1.1" 200 -
Number of products loaded: 1000
Example product keys: dict_keys(['name', 'full_description', 'pricing', 'images', 'product_category', 'average_rating', 'small_description', 'customization_options', 
'asin', 'category', 'query', 'page', 'Title', 'Description', 'Reviews', 'Rating', 'BulletPoints', 'Price', 'options', 'option_to_image', 'Attributes', 
'instruction_text', 'instruction_attributes', 'MainImage'])
Example product 'name': Vhomes Lights Reclaimed Wood Console Table The Genessis Collection Sofa-Tables
Example product 'full_description': Solid, Reclaimed Fir Wood In Natural, Sun Bleached Finish With Light Antiquing Glaze.
127.0.0.1 - - [29/Mar/2026 23:42:49] "GET /mc_train_707_0 HTTP/1.1" 200 -
Number of products loaded: 1000
Example product keys: dict_keys(['name', 'full_description', 'pricing', 'images', 'product_category', 'average_rating', 'small_description', 'customization_options', 
'asin', 'category', 'query', 'page', 'Title', 'Description', 'Reviews', 'Rating', 'BulletPoints', 'Price', 'options', 'option_to_image', 'Attributes', 
'instruction_text', 'instruction_attributes', 'MainImage'])
Example product 'name': Vhomes Lights Reclaimed Wood Console Table The Genessis Collection Sofa-Tables
Example product 'full_description': Solid, Reclaimed Fir Wood In Natural, Sun Bleached Finish With Light Antiquing Glaze.
127.0.0.1 - - [29/Mar/2026 23:42:52] "GET /mc_train_707_0 HTTP/1.1" 200 -
Number of products loaded: 1000
Example product keys: dict_keys(['name', 'full_description', 'pricing', 'images', 'product_category', 'average_rating', 'small_description', 'customization_options', 
'asin', 'category', 'query', 'page', 'Title', 'Description', 'Reviews', 'Rating', 'BulletPoints', 'Price', 'options', 'option_to_image', 'Attributes', 
'instruction_text', 'instruction_attributes', 'MainImage'])
Example product 'name': Vhomes Lights Reclaimed Wood Console Table The Genessis Collection Sofa-Tables
Example product 'full_description': Solid, Reclaimed Fir Wood In Natural, Sun Bleached Finish With Light Antiquing Glaze.
127.0.0.1 - - [29/Mar/2026 23:42:54] "GET /mc_train_707_0 HTTP/1.1" 200 -
Number of products loaded: 1000
Example product keys: dict_keys(['name', 'full_description', 'pricing', 'images', 'product_category', 'average_rating', 'small_description', 'customization_options', 
'asin', 'category', 'query', 'page', 'Title', 'Description', 'Reviews', 'Rating', 'BulletPoints', 'Price', 'options', 'option_to_image', 'Attributes', 
'instruction_text', 'instruction_attributes', 'MainImage'])
Example product 'name': Vhomes Lights Reclaimed Wood Console Table The Genessis Collection Sofa-Tables
Example product 'full_description': Solid, Reclaimed Fir Wood In Natural, Sun Bleached Finish With Light Antiquing Glaze.
127.0.0.1 - - [29/Mar/2026 23:42:57] "GET /mc_train_707_0 HTTP/1.1" 200 -
Number of products loaded: 1000
Example product keys: dict_keys(['name', 'full_description', 'pricing', 'images', 'product_category', 'average_rating', 'small_description', 'customization_options', 
'asin', 'category', 'query', 'page', 'Title', 'Description', 'Reviews', 'Rating', 'BulletPoints', 'Price', 'options', 'option_to_image', 'Attributes', 
'instruction_text', 'instruction_attributes', 'MainImage'])
Example product 'name': Vhomes Lights Reclaimed Wood Console Table The Genessis Collection Sofa-Tables
Example product 'full_description': Solid, Reclaimed Fir Wood In Natural, Sun Bleached Finish With Light Antiquing Glaze.
127.0.0.1 - - [29/Mar/2026 23:43:00] "GET /mc_train_707_0 HTTP/1.1" 200 -
Number of products loaded: 1000
Example product keys: dict_keys(['name', 'full_description', 'pricing', 'images', 'product_category', 'average_rating', 'small_description', 'customization_options', 
'asin', 'category', 'query', 'page', 'Title', 'Description', 'Reviews', 'Rating', 'BulletPoints', 'Price', 'options', 'option_to_image', 'Attributes', 
'instruction_text', 'instruction_attributes', 'MainImage'])
Example product 'name': Vhomes Lights Reclaimed Wood Console Table The Genessis Collection Sofa-Tables
Example product 'full_description': Solid, Reclaimed Fir Wood In Natural, Sun Bleached Finish With Light Antiquing Glaze.
127.0.0.1 - - [29/Mar/2026 23:43:00] "GET /mc_train_707_0 HTTP/1.1" 200 -
127.0.0.1 - - [29/Mar/2026 23:43:52] "[32mGET / HTTP/1.1[0m" 302 -
Number of products loaded: 1000
Example product keys: dict_keys(['name', 'full_description', 'pricing', 'images', 'product_category', 'average_rating', 'small_description', 'customization_options', 
'asin', 'category', 'query', 'page', 'Title', 'Description', 'Reviews', 'Rating', 'BulletPoints', 'Price', 'options', 'option_to_image', 'Attributes', 
'instruction_text', 'instruction_attributes', 'MainImage'])
Example product 'name': Vhomes Lights Reclaimed Wood Console Table The Genessis Collection Sofa-Tables
Example product 'full_description': Solid, Reclaimed Fir Wood In Natural, Sun Bleached Finish With Light Antiquing Glaze.
127.0.0.1 - - [29/Mar/2026 23:43:52] "GET /abc HTTP/1.1" 200 -
Number of products loaded: 1000
Example product keys: dict_keys(['name', 'full_description', 'pricing', 'images', 'product_category', 'average_rating', 'small_description', 'customization_options', 
'asin', 'category', 'query', 'page', 'Title', 'Description', 'Reviews', 'Rating', 'BulletPoints', 'Price', 'options', 'option_to_image', 'Attributes', 
'instruction_text', 'instruction_attributes', 'MainImage'])
Example product 'name': Vhomes Lights Reclaimed Wood Console Table The Genessis Collection Sofa-Tables
Example product 'full_description': Solid, Reclaimed Fir Wood In Natural, Sun Bleached Finish With Light Antiquing Glaze.
127.0.0.1 - - [29/Mar/2026 23:43:52] "GET /mc_eval_4_0 HTTP/1.1" 200 -
Number of products loaded: 1000
Example product keys: dict_keys(['name', 'full_description', 'pricing', 'images', 'product_category', 'average_rating', 'small_description', 'customization_options', 
'asin', 'category', 'query', 'page', 'Title', 'Description', 'Reviews', 'Rating', 'BulletPoints', 'Price', 'options', 'option_to_image', 'Attributes', 
'instruction_text', 'instruction_attributes', 'MainImage'])
Example product 'name': Vhomes Lights Reclaimed Wood Console Table The Genessis Collection Sofa-Tables
Example product 'full_description': Solid, Reclaimed Fir Wood In Natural, Sun Bleached Finish With Light Antiquing Glaze.
127.0.0.1 - - [29/Mar/2026 23:43:55] "GET /mc_eval_4_0 HTTP/1.1" 200 -
Number of products loaded: 1000
Example product keys: dict_keys(['name', 'full_description', 'pricing', 'images', 'product_category', 'average_rating', 'small_description', 'customization_options', 
'asin', 'category', 'query', 'page', 'Title', 'Description', 'Reviews', 'Rating', 'BulletPoints', 'Price', 'options', 'option_to_image', 'Attributes', 
'instruction_text', 'instruction_attributes', 'MainImage'])
Example product 'name': Vhomes Lights Reclaimed Wood Console Table The Genessis Collection Sofa-Tables
Example product 'full_description': Solid, Reclaimed Fir Wood In Natural, Sun Bleached Finish With Light Antiquing Glaze.
127.0.0.1 - - [29/Mar/2026 23:43:55] "GET /mc_eval_4_0 HTTP/1.1" 200 -
Number of products loaded: 1000
Example product keys: dict_keys(['name', 'full_description', 'pricing', 'images', 'product_category', 'average_rating', 'small_description', 'customization_options', 
'asin', 'category', 'query', 'page', 'Title', 'Description', 'Reviews', 'Rating', 'BulletPoints', 'Price', 'options', 'option_to_image', 'Attributes', 
'instruction_text', 'instruction_attributes', 'MainImage'])
Example product 'name': Vhomes Lights Reclaimed Wood Console Table The Genessis Collection Sofa-Tables
Example product 'full_description': Solid, Reclaimed Fir Wood In Natural, Sun Bleached Finish With Light Antiquing Glaze.
127.0.0.1 - - [29/Mar/2026 23:43:58] "GET /mc_eval_4_0 HTTP/1.1" 200 -
Number of products loaded: 1000
Example product keys: dict_keys(['name', 'full_description', 'pricing', 'images', 'product_category', 'average_rating', 'small_description', 'customization_options', 
'asin', 'category', 'query', 'page', 'Title', 'Description', 'Reviews', 'Rating', 'BulletPoints', 'Price', 'options', 'option_to_image', 'Attributes', 
'instruction_text', 'instruction_attributes', 'MainImage'])
Example product 'name': Vhomes Lights Reclaimed Wood Console Table The Genessis Collection Sofa-Tables
Example product 'full_description': Solid, Reclaimed Fir Wood In Natural, Sun Bleached Finish With Light Antiquing Glaze.
127.0.0.1 - - [29/Mar/2026 23:43:58] "GET /mc_eval_4_0 HTTP/1.1" 200 -
Number of products loaded: 1000
Example product keys: dict_keys(['name', 'full_description', 'pricing', 'images', 'product_category', 'average_rating', 'small_description', 'customization_options', 
'asin', 'category', 'query', 'page', 'Title', 'Description', 'Reviews', 'Rating', 'BulletPoints', 'Price', 'options', 'option_to_image', 'Attributes', 
'instruction_text', 'instruction_attributes', 'MainImage'])
Example product 'name': Vhomes Lights Reclaimed Wood Console Table The Genessis Collection Sofa-Tables
Example product 'full_description': Solid, Reclaimed Fir Wood In Natural, Sun Bleached Finish With Light Antiquing Glaze.
127.0.0.1 - - [29/Mar/2026 23:44:01] "GET /mc_eval_4_0 HTTP/1.1" 200 -
Number of products loaded: 1000
Example product keys: dict_keys(['name', 'full_description', 'pricing', 'images', 'product_category', 'average_rating', 'small_description', 'customization_options', 
'asin', 'category', 'query', 'page', 'Title', 'Description', 'Reviews', 'Rating', 'BulletPoints', 'Price', 'options', 'option_to_image', 'Attributes', 
'instruction_text', 'instruction_attributes', 'MainImage'])
Example product 'name': Vhomes Lights Reclaimed Wood Console Table The Genessis Collection Sofa-Tables
Example product 'full_description': Solid, Reclaimed Fir Wood In Natural, Sun Bleached Finish With Light Antiquing Glaze.
127.0.0.1 - - [29/Mar/2026 23:44:03] "GET /mc_eval_4_0 HTTP/1.1" 200 -
Number of products loaded: 1000
Example product keys: dict_keys(['name', 'full_description', 'pricing', 'images', 'product_category', 'average_rating', 'small_description', 'customization_options', 
'asin', 'category', 'query', 'page', 'Title', 'Description', 'Reviews', 'Rating', 'BulletPoints', 'Price', 'options', 'option_to_image', 'Attributes', 
'instruction_text', 'instruction_attributes', 'MainImage'])
Example product 'name': Vhomes Lights Reclaimed Wood Console Table The Genessis Collection Sofa-Tables
Example product 'full_description': Solid, Reclaimed Fir Wood In Natural, Sun Bleached Finish With Light Antiquing Glaze.
127.0.0.1 - - [29/Mar/2026 23:44:04] "GET /mc_eval_4_0 HTTP/1.1" 200 -
Number of products loaded: 1000
Example product keys: dict_keys(['name', 'full_description', 'pricing', 'images', 'product_category', 'average_rating', 'small_description', 'customization_options', 
'asin', 'category', 'query', 'page', 'Title', 'Description', 'Reviews', 'Rating', 'BulletPoints', 'Price', 'options', 'option_to_image', 'Attributes', 
'instruction_text', 'instruction_attributes', 'MainImage'])
Example product 'name': Vhomes Lights Reclaimed Wood Console Table The Genessis Collection Sofa-Tables
Example product 'full_description': Solid, Reclaimed Fir Wood In Natural, Sun Bleached Finish With Light Antiquing Glaze.
127.0.0.1 - - [29/Mar/2026 23:44:04] "GET /mc_eval_4_0 HTTP/1.1" 200 -
Number of products loaded: 1000
Example product keys: dict_keys(['name', 'full_description', 'pricing', 'images', 'product_category', 'average_rating', 'small_description', 'customization_options', 
'asin', 'category', 'query', 'page', 'Title', 'Description', 'Reviews', 'Rating', 'BulletPoints', 'Price', 'options', 'option_to_image', 'Attributes', 
'instruction_text', 'instruction_attributes', 'MainImage'])
Example product 'name': Vhomes Lights Reclaimed Wood Console Table The Genessis Collection Sofa-Tables
Example product 'full_description': Solid, Reclaimed Fir Wood In Natural, Sun Bleached Finish With Light Antiquing Glaze.
127.0.0.1 - - [29/Mar/2026 23:44:07] "GET /mc_eval_4_0 HTTP/1.1" 200 -
Number of products loaded: 1000
Example product keys: dict_keys(['name', 'full_description', 'pricing', 'images', 'product_category', 'average_rating', 'small_description', 'customization_options', 
'asin', 'category', 'query', 'page', 'Title', 'Description', 'Reviews', 'Rating', 'BulletPoints', 'Price', 'options', 'option_to_image', 'Attributes', 
'instruction_text', 'instruction_attributes', 'MainImage'])
Example product 'name': Vhomes Lights Reclaimed Wood Console Table The Genessis Collection Sofa-Tables
Example product 'full_description': Solid, Reclaimed Fir Wood In Natural, Sun Bleached Finish With Light Antiquing Glaze.
127.0.0.1 - - [29/Mar/2026 23:44:09] "GET /mc_eval_4_0 HTTP/1.1" 200 -
Number of products loaded: 1000
Example product keys: dict_keys(['name', 'full_description', 'pricing', 'images', 'product_category', 'average_rating', 'small_description', 'customization_options', 
'asin', 'category', 'query', 'page', 'Title', 'Description', 'Reviews', 'Rating', 'BulletPoints', 'Price', 'options', 'option_to_image', 'Attributes', 
'instruction_text', 'instruction_attributes', 'MainImage'])
Example product 'name': Vhomes Lights Reclaimed Wood Console Table The Genessis Collection Sofa-Tables
Example product 'full_description': Solid, Reclaimed Fir Wood In Natural, Sun Bleached Finish With Light Antiquing Glaze.
127.0.0.1 - - [29/Mar/2026 23:44:10] "GET /mc_eval_4_0 HTTP/1.1" 200 -
Number of products loaded: 1000
Example product keys: dict_keys(['name', 'full_description', 'pricing', 'images', 'product_category', 'average_rating', 'small_description', 'customization_options', 
'asin', 'category', 'query', 'page', 'Title', 'Description', 'Reviews', 'Rating', 'BulletPoints', 'Price', 'options', 'option_to_image', 'Attributes', 
'instruction_text', 'instruction_attributes', 'MainImage'])
Example product 'name': Vhomes Lights Reclaimed Wood Console Table The Genessis Collection Sofa-Tables
Example product 'full_description': Solid, Reclaimed Fir Wood In Natural, Sun Bleached Finish With Light Antiquing Glaze.
127.0.0.1 - - [29/Mar/2026 23:44:12] "GET /mc_eval_4_0 HTTP/1.1" 200 -
Number of products loaded: 1000
Example product keys: dict_keys(['name', 'full_description', 'pricing', 'images', 'product_category', 'average_rating', 'small_description', 'customization_options', 
'asin', 'category', 'query', 'page', 'Title', 'Description', 'Reviews', 'Rating', 'BulletPoints', 'Price', 'options', 'option_to_image', 'Attributes', 
'instruction_text', 'instruction_attributes', 'MainImage'])
Example product 'name': Vhomes Lights Reclaimed Wood Console Table The Genessis Collection Sofa-Tables
Example product 'full_description': Solid, Reclaimed Fir Wood In Natural, Sun Bleached Finish With Light Antiquing Glaze.
127.0.0.1 - - [29/Mar/2026 23:44:15] "GET /mc_eval_4_0 HTTP/1.1" 200 -
Number of products loaded: 1000
Example product keys: dict_keys(['name', 'full_description', 'pricing', 'images', 'product_category', 'average_rating', 'small_description', 'customization_options', 
'asin', 'category', 'query', 'page', 'Title', 'Description', 'Reviews', 'Rating', 'BulletPoints', 'Price', 'options', 'option_to_image', 'Attributes', 
'instruction_text', 'instruction_attributes', 'MainImage'])
Example product 'name': Vhomes Lights Reclaimed Wood Console Table The Genessis Collection Sofa-Tables
Example product 'full_description': Solid, Reclaimed Fir Wood In Natural, Sun Bleached Finish With Light Antiquing Glaze.
127.0.0.1 - - [29/Mar/2026 23:44:18] "GET /mc_eval_4_0 HTTP/1.1" 200 -
Number of products loaded: 1000
Example product keys: dict_keys(['name', 'full_description', 'pricing', 'images', 'product_category', 'average_rating', 'small_description', 'customization_options', 
'asin', 'category', 'query', 'page', 'Title', 'Description', 'Reviews', 'Rating', 'BulletPoints', 'Price', 'options', 'option_to_image', 'Attributes', 
'instruction_text', 'instruction_attributes', 'MainImage'])
Example product 'name': Vhomes Lights Reclaimed Wood Console Table The Genessis Collection Sofa-Tables
Example product 'full_description': Solid, Reclaimed Fir Wood In Natural, Sun Bleached Finish With Light Antiquing Glaze.
127.0.0.1 - - [29/Mar/2026 23:44:19] "GET /mc_eval_4_0 HTTP/1.1" 200 -
Number of products loaded: 1000
Example product keys: dict_keys(['name', 'full_description', 'pricing', 'images', 'product_category', 'average_rating', 'small_description', 'customization_options', 
'asin', 'category', 'query', 'page', 'Title', 'Description', 'Reviews', 'Rating', 'BulletPoints', 'Price', 'options', 'option_to_image', 'Attributes', 
'instruction_text', 'instruction_attributes', 'MainImage'])
Example product 'name': Vhomes Lights Reclaimed Wood Console Table The Genessis Collection Sofa-Tables
Example product 'full_description': Solid, Reclaimed Fir Wood In Natural, Sun Bleached Finish With Light Antiquing Glaze.
127.0.0.1 - - [29/Mar/2026 23:44:19] "GET /mc_train_707_0 HTTP/1.1" 200 -
Number of products loaded: 1000
Example product keys: dict_keys(['name', 'full_description', 'pricing', 'images', 'product_category', 'average_rating', 'small_description', 'customization_options', 
'asin', 'category', 'query', 'page', 'Title', 'Description', 'Reviews', 'Rating', 'BulletPoints', 'Price', 'options', 'option_to_image', 'Attributes', 
'instruction_text', 'instruction_attributes', 'MainImage'])
Example product 'name': Vhomes Lights Reclaimed Wood Console Table The Genessis Collection Sofa-Tables
Example product 'full_description': Solid, Reclaimed Fir Wood In Natural, Sun Bleached Finish With Light Antiquing Glaze.
127.0.0.1 - - [29/Mar/2026 23:44:21] "GET /mc_train_707_0 HTTP/1.1" 200 -
Number of products loaded: 1000
Example product keys: dict_keys(['name', 'full_description', 'pricing', 'images', 'product_category', 'average_rating', 'small_description', 'customization_options', 
'asin', 'category', 'query', 'page', 'Title', 'Description', 'Reviews', 'Rating', 'BulletPoints', 'Price', 'options', 'option_to_image', 'Attributes', 
'instruction_text', 'instruction_attributes', 'MainImage'])
Example product 'name': Vhomes Lights Reclaimed Wood Console Table The Genessis Collection Sofa-Tables
Example product 'full_description': Solid, Reclaimed Fir Wood In Natural, Sun Bleached Finish With Light Antiquing Glaze.
127.0.0.1 - - [29/Mar/2026 23:44:22] "GET /mc_train_707_0 HTTP/1.1" 200 -
Number of products loaded: 1000
Example product keys: dict_keys(['name', 'full_description', 'pricing', 'images', 'product_category', 'average_rating', 'small_description', 'customization_options', 
'asin', 'category', 'query', 'page', 'Title', 'Description', 'Reviews', 'Rating', 'BulletPoints', 'Price', 'options', 'option_to_image', 'Attributes', 
'instruction_text', 'instruction_attributes', 'MainImage'])
Example product 'name': Vhomes Lights Reclaimed Wood Console Table The Genessis Collection Sofa-Tables
Example product 'full_description': Solid, Reclaimed Fir Wood In Natural, Sun Bleached Finish With Light Antiquing Glaze.
127.0.0.1 - - [29/Mar/2026 23:44:22] "GET /mc_train_707_0 HTTP/1.1" 200 -
Number of products loaded: 1000
Example product keys: dict_keys(['name', 'full_description', 'pricing', 'images', 'product_category', 'average_rating', 'small_description', 'customization_options', 
'asin', 'category', 'query', 'page', 'Title', 'Description', 'Reviews', 'Rating', 'BulletPoints', 'Price', 'options', 'option_to_image', 'Attributes', 
'instruction_text', 'instruction_attributes', 'MainImage'])
Example product 'name': Vhomes Lights Reclaimed Wood Console Table The Genessis Collection Sofa-Tables
Example product 'full_description': Solid, Reclaimed Fir Wood In Natural, Sun Bleached Finish With Light Antiquing Glaze.
127.0.0.1 - - [29/Mar/2026 23:44:22] "GET /mc_train_707_0 HTTP/1.1" 200 -
Number of products loaded: 1000
Example product keys: dict_keys(['name', 'full_description', 'pricing', 'images', 'product_category', 'average_rating', 'small_description', 'customization_options', 
'asin', 'category', 'query', 'page', 'Title', 'Description', 'Reviews', 'Rating', 'BulletPoints', 'Price', 'options', 'option_to_image', 'Attributes', 
'instruction_text', 'instruction_attributes', 'MainImage'])
Example product 'name': Vhomes Lights Reclaimed Wood Console Table The Genessis Collection Sofa-Tables
Example product 'full_description': Solid, Reclaimed Fir Wood In Natural, Sun Bleached Finish With Light Antiquing Glaze.
127.0.0.1 - - [29/Mar/2026 23:44:23] "GET /mc_train_707_0 HTTP/1.1" 200 -
Number of products loaded: 1000
Example product keys: dict_keys(['name', 'full_description', 'pricing', 'images', 'product_category', 'average_rating', 'small_description', 'customization_options', 
'asin', 'category', 'query', 'page', 'Title', 'Description', 'Reviews', 'Rating', 'BulletPoints', 'Price', 'options', 'option_to_image', 'Attributes', 
'instruction_text', 'instruction_attributes', 'MainImage'])
Example product 'name': Vhomes Lights Reclaimed Wood Console Table The Genessis Collection Sofa-Tables
Example product 'full_description': Solid, Reclaimed Fir Wood In Natural, Sun Bleached Finish With Light Antiquing Glaze.
127.0.0.1 - - [29/Mar/2026 23:44:25] "GET /mc_train_707_0 HTTP/1.1" 200 -
Number of products loaded: 1000
Example product keys: dict_keys(['name', 'full_description', 'pricing', 'images', 'product_category', 'average_rating', 'small_description', 'customization_options', 
'asin', 'category', 'query', 'page', 'Title', 'Description', 'Reviews', 'Rating', 'BulletPoints', 'Price', 'options', 'option_to_image', 'Attributes', 
'instruction_text', 'instruction_attributes', 'MainImage'])
Example product 'name': Vhomes Lights Reclaimed Wood Console Table The Genessis Collection Sofa-Tables
Example product 'full_description': Solid, Reclaimed Fir Wood In Natural, Sun Bleached Finish With Light Antiquing Glaze.
127.0.0.1 - - [29/Mar/2026 23:44:25] "GET /mc_train_707_0 HTTP/1.1" 200 -
Number of products loaded: 1000
Example product keys: dict_keys(['name', 'full_description', 'pricing', 'images', 'product_category', 'average_rating', 'small_description', 'customization_options', 
'asin', 'category', 'query', 'page', 'Title', 'Description', 'Reviews', 'Rating', 'BulletPoints', 'Price', 'options', 'option_to_image', 'Attributes', 
'instruction_text', 'instruction_attributes', 'MainImage'])
Example product 'name': Vhomes Lights Reclaimed Wood Console Table The Genessis Collection Sofa-Tables
Example product 'full_description': Solid, Reclaimed Fir Wood In Natural, Sun Bleached Finish With Light Antiquing Glaze.
127.0.0.1 - - [29/Mar/2026 23:44:26] "GET /mc_train_707_0 HTTP/1.1" 200 -
Number of products loaded: 1000
Example product keys: dict_keys(['name', 'full_description', 'pricing', 'images', 'product_category', 'average_rating', 'small_description', 'customization_options', 
'asin', 'category', 'query', 'page', 'Title', 'Description', 'Reviews', 'Rating', 'BulletPoints', 'Price', 'options', 'option_to_image', 'Attributes', 
'instruction_text', 'instruction_attributes', 'MainImage'])
Example product 'name': Vhomes Lights Reclaimed Wood Console Table The Genessis Collection Sofa-Tables
Example product 'full_description': Solid, Reclaimed Fir Wood In Natural, Sun Bleached Finish With Light Antiquing Glaze.
127.0.0.1 - - [29/Mar/2026 23:44:26] "GET /mc_train_707_0 HTTP/1.1" 200 -
Number of products loaded: 1000
Example product keys: dict_keys(['name', 'full_description', 'pricing', 'images', 'product_category', 'average_rating', 'small_description', 'customization_options', 
'asin', 'category', 'query', 'page', 'Title', 'Description', 'Reviews', 'Rating', 'BulletPoints', 'Price', 'options', 'option_to_image', 'Attributes', 
'instruction_text', 'instruction_attributes', 'MainImage'])
Example product 'name': Vhomes Lights Reclaimed Wood Console Table The Genessis Collection Sofa-Tables
Example product 'full_description': Solid, Reclaimed Fir Wood In Natural, Sun Bleached Finish With Light Antiquing Glaze.
127.0.0.1 - - [29/Mar/2026 23:44:26] "GET /mc_train_707_0 HTTP/1.1" 200 -
Number of products loaded: 1000
Example product keys: dict_keys(['name', 'full_description', 'pricing', 'images', 'product_category', 'average_rating', 'small_description', 'customization_options', 
'asin', 'category', 'query', 'page', 'Title', 'Description', 'Reviews', 'Rating', 'BulletPoints', 'Price', 'options', 'option_to_image', 'Attributes', 
'instruction_text', 'instruction_attributes', 'MainImage'])
Example product 'name': Vhomes Lights Reclaimed Wood Console Table The Genessis Collection Sofa-Tables
Example product 'full_description': Solid, Reclaimed Fir Wood In Natural, Sun Bleached Finish With Light Antiquing Glaze.
127.0.0.1 - - [29/Mar/2026 23:44:26] "GET /mc_train_707_0 HTTP/1.1" 200 -
Number of products loaded: 1000
Example product keys: dict_keys(['name', 'full_description', 'pricing', 'images', 'product_category', 'average_rating', 'small_description', 'customization_options', 
'asin', 'category', 'query', 'page', 'Title', 'Description', 'Reviews', 'Rating', 'BulletPoints', 'Price', 'options', 'option_to_image', 'Attributes', 
'instruction_text', 'instruction_attributes', 'MainImage'])
Example product 'name': Vhomes Lights Reclaimed Wood Console Table The Genessis Collection Sofa-Tables
Example product 'full_description': Solid, Reclaimed Fir Wood In Natural, Sun Bleached Finish With Light Antiquing Glaze.
127.0.0.1 - - [29/Mar/2026 23:44:26] "GET /mc_train_707_0 HTTP/1.1" 200 -
Number of products loaded: 1000
Example product keys: dict_keys(['name', 'full_description', 'pricing', 'images', 'product_category', 'average_rating', 'small_description', 'customization_options', 
'asin', 'category', 'query', 'page', 'Title', 'Description', 'Reviews', 'Rating', 'BulletPoints', 'Price', 'options', 'option_to_image', 'Attributes', 
'instruction_text', 'instruction_attributes', 'MainImage'])
Example product 'name': Vhomes Lights Reclaimed Wood Console Table The Genessis Collection Sofa-Tables
Example product 'full_description': Solid, Reclaimed Fir Wood In Natural, Sun Bleached Finish With Light Antiquing Glaze.
127.0.0.1 - - [29/Mar/2026 23:44:26] "GET /mc_train_707_0 HTTP/1.1" 200 -
Number of products loaded: 1000
Example product keys: dict_keys(['name', 'full_description', 'pricing', 'images', 'product_category', 'average_rating', 'small_description', 'customization_options', 
'asin', 'category', 'query', 'page', 'Title', 'Description', 'Reviews', 'Rating', 'BulletPoints', 'Price', 'options', 'option_to_image', 'Attributes', 
'instruction_text', 'instruction_attributes', 'MainImage'])
Example product 'name': Vhomes Lights Reclaimed Wood Console Table The Genessis Collection Sofa-Tables
Example product 'full_description': Solid, Reclaimed Fir Wood In Natural, Sun Bleached Finish With Light Antiquing Glaze.
127.0.0.1 - - [29/Mar/2026 23:44:26] "GET /mc_train_707_0 HTTP/1.1" 200 -
Number of products loaded: 1000
Example product keys: dict_keys(['name', 'full_description', 'pricing', 'images', 'product_category', 'average_rating', 'small_description', 'customization_options', 
'asin', 'category', 'query', 'page', 'Title', 'Description', 'Reviews', 'Rating', 'BulletPoints', 'Price', 'options', 'option_to_image', 'Attributes', 
'instruction_text', 'instruction_attributes', 'MainImage'])
Example product 'name': Vhomes Lights Reclaimed Wood Console Table The Genessis Collection Sofa-Tables
Example product 'full_description': Solid, Reclaimed Fir Wood In Natural, Sun Bleached Finish With Light Antiquing Glaze.
127.0.0.1 - - [29/Mar/2026 23:44:26] "GET /mc_train_707_0 HTTP/1.1" 200 -
127.0.0.1 - - [29/Mar/2026 23:45:19] "[32mGET / HTTP/1.1[0m" 302 -
Number of products loaded: 1000
Example product keys: dict_keys(['name', 'full_description', 'pricing', 'images', 'product_category', 'average_rating', 'small_description', 'customization_options', 
'asin', 'category', 'query', 'page', 'Title', 'Description', 'Reviews', 'Rating', 'BulletPoints', 'Price', 'options', 'option_to_image', 'Attributes', 
'instruction_text', 'instruction_attributes', 'MainImage'])
Example product 'name': Vhomes Lights Reclaimed Wood Console Table The Genessis Collection Sofa-Tables
Example product 'full_description': Solid, Reclaimed Fir Wood In Natural, Sun Bleached Finish With Light Antiquing Glaze.
127.0.0.1 - - [29/Mar/2026 23:45:19] "GET /abc HTTP/1.1" 200 -
Number of products loaded: 1000
Example product keys: dict_keys(['name', 'full_description', 'pricing', 'images', 'product_category', 'average_rating', 'small_description', 'customization_options', 
'asin', 'category', 'query', 'page', 'Title', 'Description', 'Reviews', 'Rating', 'BulletPoints', 'Price', 'options', 'option_to_image', 'Attributes', 
'instruction_text', 'instruction_attributes', 'MainImage'])
Example product 'name': Vhomes Lights Reclaimed Wood Console Table The Genessis Collection Sofa-Tables
Example product 'full_description': Solid, Reclaimed Fir Wood In Natural, Sun Bleached Finish With Light Antiquing Glaze.
127.0.0.1 - - [29/Mar/2026 23:45:19] "GET /mc_eval_4_0 HTTP/1.1" 200 -
Number of products loaded: 1000
Example product keys: dict_keys(['name', 'full_description', 'pricing', 'images', 'product_category', 'average_rating', 'small_description', 'customization_options', 
'asin', 'category', 'query', 'page', 'Title', 'Description', 'Reviews', 'Rating', 'BulletPoints', 'Price', 'options', 'option_to_image', 'Attributes', 
'instruction_text', 'instruction_attributes', 'MainImage'])
Example product 'name': Vhomes Lights Reclaimed Wood Console Table The Genessis Collection Sofa-Tables
Example product 'full_description': Solid, Reclaimed Fir Wood In Natural, Sun Bleached Finish With Light Antiquing Glaze.
127.0.0.1 - - [29/Mar/2026 23:45:19] "GET /mc_eval_4_0 HTTP/1.1" 200 -
Number of products loaded: 1000
Example product keys: dict_keys(['name', 'full_description', 'pricing', 'images', 'product_category', 'average_rating', 'small_description', 'customization_options', 
'asin', 'category', 'query', 'page', 'Title', 'Description', 'Reviews', 'Rating', 'BulletPoints', 'Price', 'options', 'option_to_image', 'Attributes', 
'instruction_text', 'instruction_attributes', 'MainImage'])
Example product 'name': Vhomes Lights Reclaimed Wood Console Table The Genessis Collection Sofa-Tables
Example product 'full_description': Solid, Reclaimed Fir Wood In Natural, Sun Bleached Finish With Light Antiquing Glaze.
127.0.0.1 - - [29/Mar/2026 23:45:22] "GET /mc_eval_4_0 HTTP/1.1" 200 -
Number of products loaded: 1000
Example product keys: dict_keys(['name', 'full_description', 'pricing', 'images', 'product_category', 'average_rating', 'small_description', 'customization_options', 
'asin', 'category', 'query', 'page', 'Title', 'Description', 'Reviews', 'Rating', 'BulletPoints', 'Price', 'options', 'option_to_image', 'Attributes', 
'instruction_text', 'instruction_attributes', 'MainImage'])
Example product 'name': Vhomes Lights Reclaimed Wood Console Table The Genessis Collection Sofa-Tables
Example product 'full_description': Solid, Reclaimed Fir Wood In Natural, Sun Bleached Finish With Light Antiquing Glaze.
127.0.0.1 - - [29/Mar/2026 23:45:22] "GET /mc_eval_4_0 HTTP/1.1" 200 -
Number of products loaded: 1000
Example product keys: dict_keys(['name', 'full_description', 'pricing', 'images', 'product_category', 'average_rating', 'small_description', 'customization_options', 
'asin', 'category', 'query', 'page', 'Title', 'Description', 'Reviews', 'Rating', 'BulletPoints', 'Price', 'options', 'option_to_image', 'Attributes', 
'instruction_text', 'instruction_attributes', 'MainImage'])
Example product 'name': Vhomes Lights Reclaimed Wood Console Table The Genessis Collection Sofa-Tables
Example product 'full_description': Solid, Reclaimed Fir Wood In Natural, Sun Bleached Finish With Light Antiquing Glaze.
127.0.0.1 - - [29/Mar/2026 23:45:22] "GET /mc_eval_4_0 HTTP/1.1" 200 -
Number of products loaded: 1000
Example product keys: dict_keys(['name', 'full_description', 'pricing', 'images', 'product_category', 'average_rating', 'small_description', 'customization_options', 
'asin', 'category', 'query', 'page', 'Title', 'Description', 'Reviews', 'Rating', 'BulletPoints', 'Price', 'options', 'option_to_image', 'Attributes', 
'instruction_text', 'instruction_attributes', 'MainImage'])
Example product 'name': Vhomes Lights Reclaimed Wood Console Table The Genessis Collection Sofa-Tables
Example product 'full_description': Solid, Reclaimed Fir Wood In Natural, Sun Bleached Finish With Light Antiquing Glaze.
127.0.0.1 - - [29/Mar/2026 23:45:22] "GET /mc_eval_4_0 HTTP/1.1" 200 -
Number of products loaded: 1000
Example product keys: dict_keys(['name', 'full_description', 'pricing', 'images', 'product_category', 'average_rating', 'small_description', 'customization_options', 
'asin', 'category', 'query', 'page', 'Title', 'Description', 'Reviews', 'Rating', 'BulletPoints', 'Price', 'options', 'option_to_image', 'Attributes', 
'instruction_text', 'instruction_attributes', 'MainImage'])
Example product 'name': Vhomes Lights Reclaimed Wood Console Table The Genessis Collection Sofa-Tables
Example product 'full_description': Solid, Reclaimed Fir Wood In Natural, Sun Bleached Finish With Light Antiquing Glaze.
127.0.0.1 - - [29/Mar/2026 23:45:23] "GET /mc_eval_4_0 HTTP/1.1" 200 -
Number of products loaded: 1000
Example product keys: dict_keys(['name', 'full_description', 'pricing', 'images', 'product_category', 'average_rating', 'small_description', 'customization_options', 
'asin', 'category', 'query', 'page', 'Title', 'Description', 'Reviews', 'Rating', 'BulletPoints', 'Price', 'options', 'option_to_image', 'Attributes', 
'instruction_text', 'instruction_attributes', 'MainImage'])
Example product 'name': Vhomes Lights Reclaimed Wood Console Table The Genessis Collection Sofa-Tables
Example product 'full_description': Solid, Reclaimed Fir Wood In Natural, Sun Bleached Finish With Light Antiquing Glaze.
127.0.0.1 - - [29/Mar/2026 23:45:23] "GET /mc_eval_4_0 HTTP/1.1" 200 -
Number of products loaded: 1000
Example product keys: dict_keys(['name', 'full_description', 'pricing', 'images', 'product_category', 'average_rating', 'small_description', 'customization_options', 
'asin', 'category', 'query', 'page', 'Title', 'Description', 'Reviews', 'Rating', 'BulletPoints', 'Price', 'options', 'option_to_image', 'Attributes', 
'instruction_text', 'instruction_attributes', 'MainImage'])
Example product 'name': Vhomes Lights Reclaimed Wood Console Table The Genessis Collection Sofa-Tables
Example product 'full_description': Solid, Reclaimed Fir Wood In Natural, Sun Bleached Finish With Light Antiquing Glaze.
127.0.0.1 - - [29/Mar/2026 23:45:26] "GET /mc_eval_4_0 HTTP/1.1" 200 -
Number of products loaded: 1000
Example product keys: dict_keys(['name', 'full_description', 'pricing', 'images', 'product_category', 'average_rating', 'small_description', 'customization_options', 
'asin', 'category', 'query', 'page', 'Title', 'Description', 'Reviews', 'Rating', 'BulletPoints', 'Price', 'options', 'option_to_image', 'Attributes', 
'instruction_text', 'instruction_attributes', 'MainImage'])
Example product 'name': Vhomes Lights Reclaimed Wood Console Table The Genessis Collection Sofa-Tables
Example product 'full_description': Solid, Reclaimed Fir Wood In Natural, Sun Bleached Finish With Light Antiquing Glaze.
127.0.0.1 - - [29/Mar/2026 23:45:29] "GET /mc_eval_4_0 HTTP/1.1" 200 -
Number of products loaded: 1000
Example product keys: dict_keys(['name', 'full_description', 'pricing', 'images', 'product_category', 'average_rating', 'small_description', 'customization_options', 
'asin', 'category', 'query', 'page', 'Title', 'Description', 'Reviews', 'Rating', 'BulletPoints', 'Price', 'options', 'option_to_image', 'Attributes', 
'instruction_text', 'instruction_attributes', 'MainImage'])
Example product 'name': Vhomes Lights Reclaimed Wood Console Table The Genessis Collection Sofa-Tables
Example product 'full_description': Solid, Reclaimed Fir Wood In Natural, Sun Bleached Finish With Light Antiquing Glaze.
127.0.0.1 - - [29/Mar/2026 23:45:29] "GET /mc_eval_4_0 HTTP/1.1" 200 -
Number of products loaded: 1000
Example product keys: dict_keys(['name', 'full_description', 'pricing', 'images', 'product_category', 'average_rating', 'small_description', 'customization_options', 
'asin', 'category', 'query', 'page', 'Title', 'Description', 'Reviews', 'Rating', 'BulletPoints', 'Price', 'options', 'option_to_image', 'Attributes', 
'instruction_text', 'instruction_attributes', 'MainImage'])
Example product 'name': Vhomes Lights Reclaimed Wood Console Table The Genessis Collection Sofa-Tables
Example product 'full_description': Solid, Reclaimed Fir Wood In Natural, Sun Bleached Finish With Light Antiquing Glaze.
127.0.0.1 - - [29/Mar/2026 23:45:30] "GET /mc_eval_4_0 HTTP/1.1" 200 -
Number of products loaded: 1000
Example product keys: dict_keys(['name', 'full_description', 'pricing', 'images', 'product_category', 'average_rating', 'small_description', 'customization_options', 
'asin', 'category', 'query', 'page', 'Title', 'Description', 'Reviews', 'Rating', 'BulletPoints', 'Price', 'options', 'option_to_image', 'Attributes', 
'instruction_text', 'instruction_attributes', 'MainImage'])
Example product 'name': Vhomes Lights Reclaimed Wood Console Table The Genessis Collection Sofa-Tables
Example product 'full_description': Solid, Reclaimed Fir Wood In Natural, Sun Bleached Finish With Light Antiquing Glaze.
127.0.0.1 - - [29/Mar/2026 23:45:30] "GET /mc_eval_4_0 HTTP/1.1" 200 -
Number of products loaded: 1000
Example product keys: dict_keys(['name', 'full_description', 'pricing', 'images', 'product_category', 'average_rating', 'small_description', 'customization_options', 
'asin', 'category', 'query', 'page', 'Title', 'Description', 'Reviews', 'Rating', 'BulletPoints', 'Price', 'options', 'option_to_image', 'Attributes', 
'instruction_text', 'instruction_attributes', 'MainImage'])
Example product 'name': Vhomes Lights Reclaimed Wood Console Table The Genessis Collection Sofa-Tables
Example product 'full_description': Solid, Reclaimed Fir Wood In Natural, Sun Bleached Finish With Light Antiquing Glaze.
127.0.0.1 - - [29/Mar/2026 23:45:30] "GET /mc_eval_4_0 HTTP/1.1" 200 -
Number of products loaded: 1000
Example product keys: dict_keys(['name', 'full_description', 'pricing', 'images', 'product_category', 'average_rating', 'small_description', 'customization_options', 
'asin', 'category', 'query', 'page', 'Title', 'Description', 'Reviews', 'Rating', 'BulletPoints', 'Price', 'options', 'option_to_image', 'Attributes', 
'instruction_text', 'instruction_attributes', 'MainImage'])
Example product 'name': Vhomes Lights Reclaimed Wood Console Table The Genessis Collection Sofa-Tables
Example product 'full_description': Solid, Reclaimed Fir Wood In Natural, Sun Bleached Finish With Light Antiquing Glaze.
127.0.0.1 - - [29/Mar/2026 23:45:31] "GET /mc_eval_4_0 HTTP/1.1" 200 -
Number of products loaded: 1000
Example product keys: dict_keys(['name', 'full_description', 'pricing', 'images', 'product_category', 'average_rating', 'small_description', 'customization_options', 
'asin', 'category', 'query', 'page', 'Title', 'Description', 'Reviews', 'Rating', 'BulletPoints', 'Price', 'options', 'option_to_image', 'Attributes', 
'instruction_text', 'instruction_attributes', 'MainImage'])
Example product 'name': Vhomes Lights Reclaimed Wood Console Table The Genessis Collection Sofa-Tables
Example product 'full_description': Solid, Reclaimed Fir Wood In Natural, Sun Bleached Finish With Light Antiquing Glaze.
127.0.0.1 - - [29/Mar/2026 23:45:34] "GET /mc_eval_4_0 HTTP/1.1" 200 -
Number of products loaded: 1000
Example product keys: dict_keys(['name', 'full_description', 'pricing', 'images', 'product_category', 'average_rating', 'small_description', 'customization_options', 
'asin', 'category', 'query', 'page', 'Title', 'Description', 'Reviews', 'Rating', 'BulletPoints', 'Price', 'options', 'option_to_image', 'Attributes', 
'instruction_text', 'instruction_attributes', 'MainImage'])
Example product 'name': Vhomes Lights Reclaimed Wood Console Table The Genessis Collection Sofa-Tables
Example product 'full_description': Solid, Reclaimed Fir Wood In Natural, Sun Bleached Finish With Light Antiquing Glaze.
127.0.0.1 - - [29/Mar/2026 23:45:34] "GET /mc_train_707_0 HTTP/1.1" 200 -
Number of products loaded: 1000
Example product keys: dict_keys(['name', 'full_description', 'pricing', 'images', 'product_category', 'average_rating', 'small_description', 'customization_options', 
'asin', 'category', 'query', 'page', 'Title', 'Description', 'Reviews', 'Rating', 'BulletPoints', 'Price', 'options', 'option_to_image', 'Attributes', 
'instruction_text', 'instruction_attributes', 'MainImage'])
Example product 'name': Vhomes Lights Reclaimed Wood Console Table The Genessis Collection Sofa-Tables
Example product 'full_description': Solid, Reclaimed Fir Wood In Natural, Sun Bleached Finish With Light Antiquing Glaze.
127.0.0.1 - - [29/Mar/2026 23:45:34] "GET /mc_train_707_0 HTTP/1.1" 200 -
Number of products loaded: 1000
Example product keys: dict_keys(['name', 'full_description', 'pricing', 'images', 'product_category', 'average_rating', 'small_description', 'customization_options', 
'asin', 'category', 'query', 'page', 'Title', 'Description', 'Reviews', 'Rating', 'BulletPoints', 'Price', 'options', 'option_to_image', 'Attributes', 
'instruction_text', 'instruction_attributes', 'MainImage'])
Example product 'name': Vhomes Lights Reclaimed Wood Console Table The Genessis Collection Sofa-Tables
Example product 'full_description': Solid, Reclaimed Fir Wood In Natural, Sun Bleached Finish With Light Antiquing Glaze.
127.0.0.1 - - [29/Mar/2026 23:45:34] "GET /mc_train_707_0 HTTP/1.1" 200 -
Number of products loaded: 1000
Example product keys: dict_keys(['name', 'full_description', 'pricing', 'images', 'product_category', 'average_rating', 'small_description', 'customization_options', 
'asin', 'category', 'query', 'page', 'Title', 'Description', 'Reviews', 'Rating', 'BulletPoints', 'Price', 'options', 'option_to_image', 'Attributes', 
'instruction_text', 'instruction_attributes', 'MainImage'])
Example product 'name': Vhomes Lights Reclaimed Wood Console Table The Genessis Collection Sofa-Tables
Example product 'full_description': Solid, Reclaimed Fir Wood In Natural, Sun Bleached Finish With Light Antiquing Glaze.
127.0.0.1 - - [29/Mar/2026 23:45:35] "GET /mc_train_707_0 HTTP/1.1" 200 -
Number of products loaded: 1000
Example product keys: dict_keys(['name', 'full_description', 'pricing', 'images', 'product_category', 'average_rating', 'small_description', 'customization_options', 
'asin', 'category', 'query', 'page', 'Title', 'Description', 'Reviews', 'Rating', 'BulletPoints', 'Price', 'options', 'option_to_image', 'Attributes', 
'instruction_text', 'instruction_attributes', 'MainImage'])
Example product 'name': Vhomes Lights Reclaimed Wood Console Table The Genessis Collection Sofa-Tables
Example product 'full_description': Solid, Reclaimed Fir Wood In Natural, Sun Bleached Finish With Light Antiquing Glaze.
127.0.0.1 - - [29/Mar/2026 23:45:35] "GET /mc_train_707_0 HTTP/1.1" 200 -
Number of products loaded: 1000
Example product keys: dict_keys(['name', 'full_description', 'pricing', 'images', 'product_category', 'average_rating', 'small_description', 'customization_options', 
'asin', 'category', 'query', 'page', 'Title', 'Description', 'Reviews', 'Rating', 'BulletPoints', 'Price', 'options', 'option_to_image', 'Attributes', 
'instruction_text', 'instruction_attributes', 'MainImage'])
Example product 'name': Vhomes Lights Reclaimed Wood Console Table The Genessis Collection Sofa-Tables
Example product 'full_description': Solid, Reclaimed Fir Wood In Natural, Sun Bleached Finish With Light Antiquing Glaze.
127.0.0.1 - - [29/Mar/2026 23:45:35] "GET /mc_train_707_0 HTTP/1.1" 200 -
Number of products loaded: 1000
Example product keys: dict_keys(['name', 'full_description', 'pricing', 'images', 'product_category', 'average_rating', 'small_description', 'customization_options', 
'asin', 'category', 'query', 'page', 'Title', 'Description', 'Reviews', 'Rating', 'BulletPoints', 'Price', 'options', 'option_to_image', 'Attributes', 
'instruction_text', 'instruction_attributes', 'MainImage'])
Example product 'name': Vhomes Lights Reclaimed Wood Console Table The Genessis Collection Sofa-Tables
Example product 'full_description': Solid, Reclaimed Fir Wood In Natural, Sun Bleached Finish With Light Antiquing Glaze.
127.0.0.1 - - [29/Mar/2026 23:45:35] "GET /mc_train_707_0 HTTP/1.1" 200 -
Number of products loaded: 1000
Example product keys: dict_keys(['name', 'full_description', 'pricing', 'images', 'product_category', 'average_rating', 'small_description', 'customization_options', 
'asin', 'category', 'query', 'page', 'Title', 'Description', 'Reviews', 'Rating', 'BulletPoints', 'Price', 'options', 'option_to_image', 'Attributes', 
'instruction_text', 'instruction_attributes', 'MainImage'])
Example product 'name': Vhomes Lights Reclaimed Wood Console Table The Genessis Collection Sofa-Tables
Example product 'full_description': Solid, Reclaimed Fir Wood In Natural, Sun Bleached Finish With Light Antiquing Glaze.
127.0.0.1 - - [29/Mar/2026 23:45:35] "GET /mc_train_707_0 HTTP/1.1" 200 -
Number of products loaded: 1000
Example product keys: dict_keys(['name', 'full_description', 'pricing', 'images', 'product_category', 'average_rating', 'small_description', 'customization_options', 
'asin', 'category', 'query', 'page', 'Title', 'Description', 'Reviews', 'Rating', 'BulletPoints', 'Price', 'options', 'option_to_image', 'Attributes', 
'instruction_text', 'instruction_attributes', 'MainImage'])
Example product 'name': Vhomes Lights Reclaimed Wood Console Table The Genessis Collection Sofa-Tables
Example product 'full_description': Solid, Reclaimed Fir Wood In Natural, Sun Bleached Finish With Light Antiquing Glaze.
127.0.0.1 - - [29/Mar/2026 23:45:36] "GET /mc_train_707_0 HTTP/1.1" 200 -
Number of products loaded: 1000
Example product keys: dict_keys(['name', 'full_description', 'pricing', 'images', 'product_category', 'average_rating', 'small_description', 'customization_options', 
'asin', 'category', 'query', 'page', 'Title', 'Description', 'Reviews', 'Rating', 'BulletPoints', 'Price', 'options', 'option_to_image', 'Attributes', 
'instruction_text', 'instruction_attributes', 'MainImage'])
Example product 'name': Vhomes Lights Reclaimed Wood Console Table The Genessis Collection Sofa-Tables
Example product 'full_description': Solid, Reclaimed Fir Wood In Natural, Sun Bleached Finish With Light Antiquing Glaze.
127.0.0.1 - - [29/Mar/2026 23:45:36] "GET /mc_train_707_0 HTTP/1.1" 200 -
Number of products loaded: 1000
Example product keys: dict_keys(['name', 'full_description', 'pricing', 'images', 'product_category', 'average_rating', 'small_description', 'customization_options', 
'asin', 'category', 'query', 'page', 'Title', 'Description', 'Reviews', 'Rating', 'BulletPoints', 'Price', 'options', 'option_to_image', 'Attributes', 
'instruction_text', 'instruction_attributes', 'MainImage'])
Example product 'name': Vhomes Lights Reclaimed Wood Console Table The Genessis Collection Sofa-Tables
Example product 'full_description': Solid, Reclaimed Fir Wood In Natural, Sun Bleached Finish With Light Antiquing Glaze.
127.0.0.1 - - [29/Mar/2026 23:45:36] "GET /mc_train_707_0 HTTP/1.1" 200 -
Number of products loaded: 1000
Example product keys: dict_keys(['name', 'full_description', 'pricing', 'images', 'product_category', 'average_rating', 'small_description', 'customization_options', 
'asin', 'category', 'query', 'page', 'Title', 'Description', 'Reviews', 'Rating', 'BulletPoints', 'Price', 'options', 'option_to_image', 'Attributes', 
'instruction_text', 'instruction_attributes', 'MainImage'])
Example product 'name': Vhomes Lights Reclaimed Wood Console Table The Genessis Collection Sofa-Tables
Example product 'full_description': Solid, Reclaimed Fir Wood In Natural, Sun Bleached Finish With Light Antiquing Glaze.
127.0.0.1 - - [29/Mar/2026 23:45:36] "GET /mc_train_707_0 HTTP/1.1" 200 -
Number of products loaded: 1000
Example product keys: dict_keys(['name', 'full_description', 'pricing', 'images', 'product_category', 'average_rating', 'small_description', 'customization_options', 
'asin', 'category', 'query', 'page', 'Title', 'Description', 'Reviews', 'Rating', 'BulletPoints', 'Price', 'options', 'option_to_image', 'Attributes', 
'instruction_text', 'instruction_attributes', 'MainImage'])
Example product 'name': Vhomes Lights Reclaimed Wood Console Table The Genessis Collection Sofa-Tables
Example product 'full_description': Solid, Reclaimed Fir Wood In Natural, Sun Bleached Finish With Light Antiquing Glaze.
127.0.0.1 - - [29/Mar/2026 23:45:36] "GET /mc_train_707_0 HTTP/1.1" 200 -
Number of products loaded: 1000
Example product keys: dict_keys(['name', 'full_description', 'pricing', 'images', 'product_category', 'average_rating', 'small_description', 'customization_options', 
'asin', 'category', 'query', 'page', 'Title', 'Description', 'Reviews', 'Rating', 'BulletPoints', 'Price', 'options', 'option_to_image', 'Attributes', 
'instruction_text', 'instruction_attributes', 'MainImage'])
Example product 'name': Vhomes Lights Reclaimed Wood Console Table The Genessis Collection Sofa-Tables
Example product 'full_description': Solid, Reclaimed Fir Wood In Natural, Sun Bleached Finish With Light Antiquing Glaze.
127.0.0.1 - - [29/Mar/2026 23:45:37] "GET /mc_train_707_0 HTTP/1.1" 200 -
Number of products loaded: 1000
Example product keys: dict_keys(['name', 'full_description', 'pricing', 'images', 'product_category', 'average_rating', 'small_description', 'customization_options', 
'asin', 'category', 'query', 'page', 'Title', 'Description', 'Reviews', 'Rating', 'BulletPoints', 'Price', 'options', 'option_to_image', 'Attributes', 
'instruction_text', 'instruction_attributes', 'MainImage'])
Example product 'name': Vhomes Lights Reclaimed Wood Console Table The Genessis Collection Sofa-Tables
Example product 'full_description': Solid, Reclaimed Fir Wood In Natural, Sun Bleached Finish With Light Antiquing Glaze.
127.0.0.1 - - [29/Mar/2026 23:45:37] "GET /mc_train_707_0 HTTP/1.1" 200 -
Number of products loaded: 1000
Example product keys: dict_keys(['name', 'full_description', 'pricing', 'images', 'product_category', 'average_rating', 'small_description', 'customization_options', 
'asin', 'category', 'query', 'page', 'Title', 'Description', 'Reviews', 'Rating', 'BulletPoints', 'Price', 'options', 'option_to_image', 'Attributes', 
'instruction_text', 'instruction_attributes', 'MainImage'])
Example product 'name': Vhomes Lights Reclaimed Wood Console Table The Genessis Collection Sofa-Tables
Example product 'full_description': Solid, Reclaimed Fir Wood In Natural, Sun Bleached Finish With Light Antiquing Glaze.
127.0.0.1 - - [29/Mar/2026 23:45:37] "GET /mc_train_707_0 HTTP/1.1" 200 -
127.0.0.1 - - [29/Mar/2026 23:46:30] "[32mGET / HTTP/1.1[0m" 302 -
Number of products loaded: 1000
Example product keys: dict_keys(['name', 'full_description', 'pricing', 'images', 'product_category', 'average_rating', 'small_description', 'customization_options', 
'asin', 'category', 'query', 'page', 'Title', 'Description', 'Reviews', 'Rating', 'BulletPoints', 'Price', 'options', 'option_to_image', 'Attributes', 
'instruction_text', 'instruction_attributes', 'MainImage'])
Example product 'name': Vhomes Lights Reclaimed Wood Console Table The Genessis Collection Sofa-Tables
Example product 'full_description': Solid, Reclaimed Fir Wood In Natural, Sun Bleached Finish With Light Antiquing Glaze.
127.0.0.1 - - [29/Mar/2026 23:46:30] "GET /abc HTTP/1.1" 200 -
Number of products loaded: 1000
Example product keys: dict_keys(['name', 'full_description', 'pricing', 'images', 'product_category', 'average_rating', 'small_description', 'customization_options', 
'asin', 'category', 'query', 'page', 'Title', 'Description', 'Reviews', 'Rating', 'BulletPoints', 'Price', 'options', 'option_to_image', 'Attributes', 
'instruction_text', 'instruction_attributes', 'MainImage'])
Example product 'name': Vhomes Lights Reclaimed Wood Console Table The Genessis Collection Sofa-Tables
Example product 'full_description': Solid, Reclaimed Fir Wood In Natural, Sun Bleached Finish With Light Antiquing Glaze.
127.0.0.1 - - [29/Mar/2026 23:46:30] "GET /mc_eval_4_0 HTTP/1.1" 200 -
Number of products loaded: 1000
Example product keys: dict_keys(['name', 'full_description', 'pricing', 'images', 'product_category', 'average_rating', 'small_description', 'customization_options', 
'asin', 'category', 'query', 'page', 'Title', 'Description', 'Reviews', 'Rating', 'BulletPoints', 'Price', 'options', 'option_to_image', 'Attributes', 
'instruction_text', 'instruction_attributes', 'MainImage'])
Example product 'name': Vhomes Lights Reclaimed Wood Console Table The Genessis Collection Sofa-Tables
Example product 'full_description': Solid, Reclaimed Fir Wood In Natural, Sun Bleached Finish With Light Antiquing Glaze.
127.0.0.1 - - [29/Mar/2026 23:46:30] "GET /mc_eval_4_0 HTTP/1.1" 200 -
Number of products loaded: 1000
Example product keys: dict_keys(['name', 'full_description', 'pricing', 'images', 'product_category', 'average_rating', 'small_description', 'customization_options', 
'asin', 'category', 'query', 'page', 'Title', 'Description', 'Reviews', 'Rating', 'BulletPoints', 'Price', 'options', 'option_to_image', 'Attributes', 
'instruction_text', 'instruction_attributes', 'MainImage'])
Example product 'name': Vhomes Lights Reclaimed Wood Console Table The Genessis Collection Sofa-Tables
Example product 'full_description': Solid, Reclaimed Fir Wood In Natural, Sun Bleached Finish With Light Antiquing Glaze.
127.0.0.1 - - [29/Mar/2026 23:46:30] "GET /mc_eval_4_0 HTTP/1.1" 200 -
Number of products loaded: 1000
Example product keys: dict_keys(['name', 'full_description', 'pricing', 'images', 'product_category', 'average_rating', 'small_description', 'customization_options', 
'asin', 'category', 'query', 'page', 'Title', 'Description', 'Reviews', 'Rating', 'BulletPoints', 'Price', 'options', 'option_to_image', 'Attributes', 
'instruction_text', 'instruction_attributes', 'MainImage'])
Example product 'name': Vhomes Lights Reclaimed Wood Console Table The Genessis Collection Sofa-Tables
Example product 'full_description': Solid, Reclaimed Fir Wood In Natural, Sun Bleached Finish With Light Antiquing Glaze.
127.0.0.1 - - [29/Mar/2026 23:46:33] "GET /mc_eval_4_0 HTTP/1.1" 200 -
Number of products loaded: 1000
Example product keys: dict_keys(['name', 'full_description', 'pricing', 'images', 'product_category', 'average_rating', 'small_description', 'customization_options', 
'asin', 'category', 'query', 'page', 'Title', 'Description', 'Reviews', 'Rating', 'BulletPoints', 'Price', 'options', 'option_to_image', 'Attributes', 
'instruction_text', 'instruction_attributes', 'MainImage'])
Example product 'name': Vhomes Lights Reclaimed Wood Console Table The Genessis Collection Sofa-Tables
Example product 'full_description': Solid, Reclaimed Fir Wood In Natural, Sun Bleached Finish With Light Antiquing Glaze.
127.0.0.1 - - [29/Mar/2026 23:46:33] "GET /mc_eval_4_0 HTTP/1.1" 200 -
Number of products loaded: 1000
Example product keys: dict_keys(['name', 'full_description', 'pricing', 'images', 'product_category', 'average_rating', 'small_description', 'customization_options', 
'asin', 'category', 'query', 'page', 'Title', 'Description', 'Reviews', 'Rating', 'BulletPoints', 'Price', 'options', 'option_to_image', 'Attributes', 
'instruction_text', 'instruction_attributes', 'MainImage'])
Example product 'name': Vhomes Lights Reclaimed Wood Console Table The Genessis Collection Sofa-Tables
Example product 'full_description': Solid, Reclaimed Fir Wood In Natural, Sun Bleached Finish With Light Antiquing Glaze.
127.0.0.1 - - [29/Mar/2026 23:46:33] "GET /mc_eval_4_0 HTTP/1.1" 200 -
Number of products loaded: 1000
Example product keys: dict_keys(['name', 'full_description', 'pricing', 'images', 'product_category', 'average_rating', 'small_description', 'customization_options', 
'asin', 'category', 'query', 'page', 'Title', 'Description', 'Reviews', 'Rating', 'BulletPoints', 'Price', 'options', 'option_to_image', 'Attributes', 
'instruction_text', 'instruction_attributes', 'MainImage'])
Example product 'name': Vhomes Lights Reclaimed Wood Console Table The Genessis Collection Sofa-Tables
Example product 'full_description': Solid, Reclaimed Fir Wood In Natural, Sun Bleached Finish With Light Antiquing Glaze.
127.0.0.1 - - [29/Mar/2026 23:46:33] "GET /mc_eval_4_0 HTTP/1.1" 200 -
Number of products loaded: 1000
Example product keys: dict_keys(['name', 'full_description', 'pricing', 'images', 'product_category', 'average_rating', 'small_description', 'customization_options', 
'asin', 'category', 'query', 'page', 'Title', 'Description', 'Reviews', 'Rating', 'BulletPoints', 'Price', 'options', 'option_to_image', 'Attributes', 
'instruction_text', 'instruction_attributes', 'MainImage'])
Example product 'name': Vhomes Lights Reclaimed Wood Console Table The Genessis Collection Sofa-Tables
Example product 'full_description': Solid, Reclaimed Fir Wood In Natural, Sun Bleached Finish With Light Antiquing Glaze.
127.0.0.1 - - [29/Mar/2026 23:46:34] "GET /mc_eval_4_0 HTTP/1.1" 200 -
Number of products loaded: 1000
Example product keys: dict_keys(['name', 'full_description', 'pricing', 'images', 'product_category', 'average_rating', 'small_description', 'customization_options', 
'asin', 'category', 'query', 'page', 'Title', 'Description', 'Reviews', 'Rating', 'BulletPoints', 'Price', 'options', 'option_to_image', 'Attributes', 
'instruction_text', 'instruction_attributes', 'MainImage'])
Example product 'name': Vhomes Lights Reclaimed Wood Console Table The Genessis Collection Sofa-Tables
Example product 'full_description': Solid, Reclaimed Fir Wood In Natural, Sun Bleached Finish With Light Antiquing Glaze.
127.0.0.1 - - [29/Mar/2026 23:46:34] "GET /mc_eval_4_0 HTTP/1.1" 200 -
Number of products loaded: 1000
Example product keys: dict_keys(['name', 'full_description', 'pricing', 'images', 'product_category', 'average_rating', 'small_description', 'customization_options', 
'asin', 'category', 'query', 'page', 'Title', 'Description', 'Reviews', 'Rating', 'BulletPoints', 'Price', 'options', 'option_to_image', 'Attributes', 
'instruction_text', 'instruction_attributes', 'MainImage'])
Example product 'name': Vhomes Lights Reclaimed Wood Console Table The Genessis Collection Sofa-Tables
Example product 'full_description': Solid, Reclaimed Fir Wood In Natural, Sun Bleached Finish With Light Antiquing Glaze.
127.0.0.1 - - [29/Mar/2026 23:46:34] "GET /mc_eval_4_0 HTTP/1.1" 200 -
Number of products loaded: 1000
Example product keys: dict_keys(['name', 'full_description', 'pricing', 'images', 'product_category', 'average_rating', 'small_description', 'customization_options', 
'asin', 'category', 'query', 'page', 'Title', 'Description', 'Reviews', 'Rating', 'BulletPoints', 'Price', 'options', 'option_to_image', 'Attributes', 
'instruction_text', 'instruction_attributes', 'MainImage'])
Example product 'name': Vhomes Lights Reclaimed Wood Console Table The Genessis Collection Sofa-Tables
Example product 'full_description': Solid, Reclaimed Fir Wood In Natural, Sun Bleached Finish With Light Antiquing Glaze.
127.0.0.1 - - [29/Mar/2026 23:46:34] "GET /mc_eval_4_0 HTTP/1.1" 200 -
Number of products loaded: 1000
Example product keys: dict_keys(['name', 'full_description', 'pricing', 'images', 'product_category', 'average_rating', 'small_description', 'customization_options', 
'asin', 'category', 'query', 'page', 'Title', 'Description', 'Reviews', 'Rating', 'BulletPoints', 'Price', 'options', 'option_to_image', 'Attributes', 
'instruction_text', 'instruction_attributes', 'MainImage'])
Example product 'name': Vhomes Lights Reclaimed Wood Console Table The Genessis Collection Sofa-Tables
Example product 'full_description': Solid, Reclaimed Fir Wood In Natural, Sun Bleached Finish With Light Antiquing Glaze.
127.0.0.1 - - [29/Mar/2026 23:46:35] "GET /mc_eval_4_0 HTTP/1.1" 200 -
Number of products loaded: 1000
Example product keys: dict_keys(['name', 'full_description', 'pricing', 'images', 'product_category', 'average_rating', 'small_description', 'customization_options', 
'asin', 'category', 'query', 'page', 'Title', 'Description', 'Reviews', 'Rating', 'BulletPoints', 'Price', 'options', 'option_to_image', 'Attributes', 
'instruction_text', 'instruction_attributes', 'MainImage'])
Example product 'name': Vhomes Lights Reclaimed Wood Console Table The Genessis Collection Sofa-Tables
Example product 'full_description': Solid, Reclaimed Fir Wood In Natural, Sun Bleached Finish With Light Antiquing Glaze.
127.0.0.1 - - [29/Mar/2026 23:46:35] "GET /mc_eval_4_0 HTTP/1.1" 200 -
Number of products loaded: 1000
Example product keys: dict_keys(['name', 'full_description', 'pricing', 'images', 'product_category', 'average_rating', 'small_description', 'customization_options', 
'asin', 'category', 'query', 'page', 'Title', 'Description', 'Reviews', 'Rating', 'BulletPoints', 'Price', 'options', 'option_to_image', 'Attributes', 
'instruction_text', 'instruction_attributes', 'MainImage'])
Example product 'name': Vhomes Lights Reclaimed Wood Console Table The Genessis Collection Sofa-Tables
Example product 'full_description': Solid, Reclaimed Fir Wood In Natural, Sun Bleached Finish With Light Antiquing Glaze.
127.0.0.1 - - [29/Mar/2026 23:46:35] "GET /mc_eval_4_0 HTTP/1.1" 200 -
Number of products loaded: 1000
Example product keys: dict_keys(['name', 'full_description', 'pricing', 'images', 'product_category', 'average_rating', 'small_description', 'customization_options', 
'asin', 'category', 'query', 'page', 'Title', 'Description', 'Reviews', 'Rating', 'BulletPoints', 'Price', 'options', 'option_to_image', 'Attributes', 
'instruction_text', 'instruction_attributes', 'MainImage'])
Example product 'name': Vhomes Lights Reclaimed Wood Console Table The Genessis Collection Sofa-Tables
Example product 'full_description': Solid, Reclaimed Fir Wood In Natural, Sun Bleached Finish With Light Antiquing Glaze.
127.0.0.1 - - [29/Mar/2026 23:46:35] "GET /mc_eval_4_0 HTTP/1.1" 200 -
Number of products loaded: 1000
Example product keys: dict_keys(['name', 'full_description', 'pricing', 'images', 'product_category', 'average_rating', 'small_description', 'customization_options', 
'asin', 'category', 'query', 'page', 'Title', 'Description', 'Reviews', 'Rating', 'BulletPoints', 'Price', 'options', 'option_to_image', 'Attributes', 
'instruction_text', 'instruction_attributes', 'MainImage'])
Example product 'name': Vhomes Lights Reclaimed Wood Console Table The Genessis Collection Sofa-Tables
Example product 'full_description': Solid, Reclaimed Fir Wood In Natural, Sun Bleached Finish With Light Antiquing Glaze.
127.0.0.1 - - [29/Mar/2026 23:46:35] "GET /mc_eval_4_0 HTTP/1.1" 200 -
Number of products loaded: 1000
Example product keys: dict_keys(['name', 'full_description', 'pricing', 'images', 'product_category', 'average_rating', 'small_description', 'customization_options', 
'asin', 'category', 'query', 'page', 'Title', 'Description', 'Reviews', 'Rating', 'BulletPoints', 'Price', 'options', 'option_to_image', 'Attributes', 
'instruction_text', 'instruction_attributes', 'MainImage'])
Example product 'name': Vhomes Lights Reclaimed Wood Console Table The Genessis Collection Sofa-Tables
Example product 'full_description': Solid, Reclaimed Fir Wood In Natural, Sun Bleached Finish With Light Antiquing Glaze.
127.0.0.1 - - [29/Mar/2026 23:46:35] "GET /mc_train_707_0 HTTP/1.1" 200 -
Number of products loaded: 1000
Example product keys: dict_keys(['name', 'full_description', 'pricing', 'images', 'product_category', 'average_rating', 'small_description', 'customization_options', 
'asin', 'category', 'query', 'page', 'Title', 'Description', 'Reviews', 'Rating', 'BulletPoints', 'Price', 'options', 'option_to_image', 'Attributes', 
'instruction_text', 'instruction_attributes', 'MainImage'])
Example product 'name': Vhomes Lights Reclaimed Wood Console Table The Genessis Collection Sofa-Tables
Example product 'full_description': Solid, Reclaimed Fir Wood In Natural, Sun Bleached Finish With Light Antiquing Glaze.
127.0.0.1 - - [29/Mar/2026 23:46:38] "GET /mc_train_707_0 HTTP/1.1" 200 -
Number of products loaded: 1000
Example product keys: dict_keys(['name', 'full_description', 'pricing', 'images', 'product_category', 'average_rating', 'small_description', 'customization_options', 
'asin', 'category', 'query', 'page', 'Title', 'Description', 'Reviews', 'Rating', 'BulletPoints', 'Price', 'options', 'option_to_image', 'Attributes', 
'instruction_text', 'instruction_attributes', 'MainImage'])
Example product 'name': Vhomes Lights Reclaimed Wood Console Table The Genessis Collection Sofa-Tables
Example product 'full_description': Solid, Reclaimed Fir Wood In Natural, Sun Bleached Finish With Light Antiquing Glaze.
127.0.0.1 - - [29/Mar/2026 23:46:38] "GET /mc_train_707_0 HTTP/1.1" 200 -
Number of products loaded: 1000
Example product keys: dict_keys(['name', 'full_description', 'pricing', 'images', 'product_category', 'average_rating', 'small_description', 'customization_options', 
'asin', 'category', 'query', 'page', 'Title', 'Description', 'Reviews', 'Rating', 'BulletPoints', 'Price', 'options', 'option_to_image', 'Attributes', 
'instruction_text', 'instruction_attributes', 'MainImage'])
Example product 'name': Vhomes Lights Reclaimed Wood Console Table The Genessis Collection Sofa-Tables
Example product 'full_description': Solid, Reclaimed Fir Wood In Natural, Sun Bleached Finish With Light Antiquing Glaze.
127.0.0.1 - - [29/Mar/2026 23:46:39] "GET /mc_train_707_0 HTTP/1.1" 200 -
Number of products loaded: 1000
Example product keys: dict_keys(['name', 'full_description', 'pricing', 'images', 'product_category', 'average_rating', 'small_description', 'customization_options', 
'asin', 'category', 'query', 'page', 'Title', 'Description', 'Reviews', 'Rating', 'BulletPoints', 'Price', 'options', 'option_to_image', 'Attributes', 
'instruction_text', 'instruction_attributes', 'MainImage'])
Example product 'name': Vhomes Lights Reclaimed Wood Console Table The Genessis Collection Sofa-Tables
Example product 'full_description': Solid, Reclaimed Fir Wood In Natural, Sun Bleached Finish With Light Antiquing Glaze.
127.0.0.1 - - [29/Mar/2026 23:46:39] "GET /mc_train_707_0 HTTP/1.1" 200 -
Number of products loaded: 1000
Example product keys: dict_keys(['name', 'full_description', 'pricing', 'images', 'product_category', 'average_rating', 'small_description', 'customization_options', 
'asin', 'category', 'query', 'page', 'Title', 'Description', 'Reviews', 'Rating', 'BulletPoints', 'Price', 'options', 'option_to_image', 'Attributes', 
'instruction_text', 'instruction_attributes', 'MainImage'])
Example product 'name': Vhomes Lights Reclaimed Wood Console Table The Genessis Collection Sofa-Tables
Example product 'full_description': Solid, Reclaimed Fir Wood In Natural, Sun Bleached Finish With Light Antiquing Glaze.
127.0.0.1 - - [29/Mar/2026 23:46:39] "GET /mc_train_707_0 HTTP/1.1" 200 -
Number of products loaded: 1000
Example product keys: dict_keys(['name', 'full_description', 'pricing', 'images', 'product_category', 'average_rating', 'small_description', 'customization_options', 
'asin', 'category', 'query', 'page', 'Title', 'Description', 'Reviews', 'Rating', 'BulletPoints', 'Price', 'options', 'option_to_image', 'Attributes', 
'instruction_text', 'instruction_attributes', 'MainImage'])
Example product 'name': Vhomes Lights Reclaimed Wood Console Table The Genessis Collection Sofa-Tables
Example product 'full_description': Solid, Reclaimed Fir Wood In Natural, Sun Bleached Finish With Light Antiquing Glaze.
127.0.0.1 - - [29/Mar/2026 23:46:40] "GET /mc_train_707_0 HTTP/1.1" 200 -
Number of products loaded: 1000
Example product keys: dict_keys(['name', 'full_description', 'pricing', 'images', 'product_category', 'average_rating', 'small_description', 'customization_options', 
'asin', 'category', 'query', 'page', 'Title', 'Description', 'Reviews', 'Rating', 'BulletPoints', 'Price', 'options', 'option_to_image', 'Attributes', 
'instruction_text', 'instruction_attributes', 'MainImage'])
Example product 'name': Vhomes Lights Reclaimed Wood Console Table The Genessis Collection Sofa-Tables
Example product 'full_description': Solid, Reclaimed Fir Wood In Natural, Sun Bleached Finish With Light Antiquing Glaze.
127.0.0.1 - - [29/Mar/2026 23:46:40] "GET /mc_train_707_0 HTTP/1.1" 200 -
Number of products loaded: 1000
Example product keys: dict_keys(['name', 'full_description', 'pricing', 'images', 'product_category', 'average_rating', 'small_description', 'customization_options', 
'asin', 'category', 'query', 'page', 'Title', 'Description', 'Reviews', 'Rating', 'BulletPoints', 'Price', 'options', 'option_to_image', 'Attributes', 
'instruction_text', 'instruction_attributes', 'MainImage'])
Example product 'name': Vhomes Lights Reclaimed Wood Console Table The Genessis Collection Sofa-Tables
Example product 'full_description': Solid, Reclaimed Fir Wood In Natural, Sun Bleached Finish With Light Antiquing Glaze.
127.0.0.1 - - [29/Mar/2026 23:46:40] "GET /mc_train_707_0 HTTP/1.1" 200 -
Number of products loaded: 1000
Example product keys: dict_keys(['name', 'full_description', 'pricing', 'images', 'product_category', 'average_rating', 'small_description', 'customization_options', 
'asin', 'category', 'query', 'page', 'Title', 'Description', 'Reviews', 'Rating', 'BulletPoints', 'Price', 'options', 'option_to_image', 'Attributes', 
'instruction_text', 'instruction_attributes', 'MainImage'])
Example product 'name': Vhomes Lights Reclaimed Wood Console Table The Genessis Collection Sofa-Tables
Example product 'full_description': Solid, Reclaimed Fir Wood In Natural, Sun Bleached Finish With Light Antiquing Glaze.
127.0.0.1 - - [29/Mar/2026 23:46:40] "GET /mc_train_707_0 HTTP/1.1" 200 -
Number of products loaded: 1000
Example product keys: dict_keys(['name', 'full_description', 'pricing', 'images', 'product_category', 'average_rating', 'small_description', 'customization_options', 
'asin', 'category', 'query', 'page', 'Title', 'Description', 'Reviews', 'Rating', 'BulletPoints', 'Price', 'options', 'option_to_image', 'Attributes', 
'instruction_text', 'instruction_attributes', 'MainImage'])
Example product 'name': Vhomes Lights Reclaimed Wood Console Table The Genessis Collection Sofa-Tables
Example product 'full_description': Solid, Reclaimed Fir Wood In Natural, Sun Bleached Finish With Light Antiquing Glaze.
127.0.0.1 - - [29/Mar/2026 23:46:40] "GET /mc_train_707_0 HTTP/1.1" 200 -
Number of products loaded: 1000
Example product keys: dict_keys(['name', 'full_description', 'pricing', 'images', 'product_category', 'average_rating', 'small_description', 'customization_options', 
'asin', 'category', 'query', 'page', 'Title', 'Description', 'Reviews', 'Rating', 'BulletPoints', 'Price', 'options', 'option_to_image', 'Attributes', 
'instruction_text', 'instruction_attributes', 'MainImage'])
Example product 'name': Vhomes Lights Reclaimed Wood Console Table The Genessis Collection Sofa-Tables
Example product 'full_description': Solid, Reclaimed Fir Wood In Natural, Sun Bleached Finish With Light Antiquing Glaze.
127.0.0.1 - - [29/Mar/2026 23:46:40] "GET /mc_train_707_0 HTTP/1.1" 200 -
Number of products loaded: 1000
Example product keys: dict_keys(['name', 'full_description', 'pricing', 'images', 'product_category', 'average_rating', 'small_description', 'customization_options', 
'asin', 'category', 'query', 'page', 'Title', 'Description', 'Reviews', 'Rating', 'BulletPoints', 'Price', 'options', 'option_to_image', 'Attributes', 
'instruction_text', 'instruction_attributes', 'MainImage'])
Example product 'name': Vhomes Lights Reclaimed Wood Console Table The Genessis Collection Sofa-Tables
Example product 'full_description': Solid, Reclaimed Fir Wood In Natural, Sun Bleached Finish With Light Antiquing Glaze.
127.0.0.1 - - [29/Mar/2026 23:46:41] "GET /mc_train_707_0 HTTP/1.1" 200 -
Number of products loaded: 1000
Example product keys: dict_keys(['name', 'full_description', 'pricing', 'images', 'product_category', 'average_rating', 'small_description', 'customization_options', 
'asin', 'category', 'query', 'page', 'Title', 'Description', 'Reviews', 'Rating', 'BulletPoints', 'Price', 'options', 'option_to_image', 'Attributes', 
'instruction_text', 'instruction_attributes', 'MainImage'])
Example product 'name': Vhomes Lights Reclaimed Wood Console Table The Genessis Collection Sofa-Tables
Example product 'full_description': Solid, Reclaimed Fir Wood In Natural, Sun Bleached Finish With Light Antiquing Glaze.
127.0.0.1 - - [29/Mar/2026 23:46:41] "GET /mc_train_707_0 HTTP/1.1" 200 -
Number of products loaded: 1000
Example product keys: dict_keys(['name', 'full_description', 'pricing', 'images', 'product_category', 'average_rating', 'small_description', 'customization_options', 
'asin', 'category', 'query', 'page', 'Title', 'Description', 'Reviews', 'Rating', 'BulletPoints', 'Price', 'options', 'option_to_image', 'Attributes', 
'instruction_text', 'instruction_attributes', 'MainImage'])
Example product 'name': Vhomes Lights Reclaimed Wood Console Table The Genessis Collection Sofa-Tables
Example product 'full_description': Solid, Reclaimed Fir Wood In Natural, Sun Bleached Finish With Light Antiquing Glaze.
127.0.0.1 - - [29/Mar/2026 23:46:41] "GET /mc_train_707_0 HTTP/1.1" 200 -
Number of products loaded: 1000
Example product keys: dict_keys(['name', 'full_description', 'pricing', 'images', 'product_category', 'average_rating', 'small_description', 'customization_options', 
'asin', 'category', 'query', 'page', 'Title', 'Description', 'Reviews', 'Rating', 'BulletPoints', 'Price', 'options', 'option_to_image', 'Attributes', 
'instruction_text', 'instruction_attributes', 'MainImage'])
Example product 'name': Vhomes Lights Reclaimed Wood Console Table The Genessis Collection Sofa-Tables
Example product 'full_description': Solid, Reclaimed Fir Wood In Natural, Sun Bleached Finish With Light Antiquing Glaze.
127.0.0.1 - - [29/Mar/2026 23:46:41] "GET /mc_train_707_0 HTTP/1.1" 200 -
127.0.0.1 - - [29/Mar/2026 23:47:34] "[32mGET / HTTP/1.1[0m" 302 -
Number of products loaded: 1000
Example product keys: dict_keys(['name', 'full_description', 'pricing', 'images', 'product_category', 'average_rating', 'small_description', 'customization_options', 
'asin', 'category', 'query', 'page', 'Title', 'Description', 'Reviews', 'Rating', 'BulletPoints', 'Price', 'options', 'option_to_image', 'Attributes', 
'instruction_text', 'instruction_attributes', 'MainImage'])
Example product 'name': Vhomes Lights Reclaimed Wood Console Table The Genessis Collection Sofa-Tables
Example product 'full_description': Solid, Reclaimed Fir Wood In Natural, Sun Bleached Finish With Light Antiquing Glaze.
127.0.0.1 - - [29/Mar/2026 23:47:34] "GET /abc HTTP/1.1" 200 -
Number of products loaded: 1000
Example product keys: dict_keys(['name', 'full_description', 'pricing', 'images', 'product_category', 'average_rating', 'small_description', 'customization_options', 
'asin', 'category', 'query', 'page', 'Title', 'Description', 'Reviews', 'Rating', 'BulletPoints', 'Price', 'options', 'option_to_image', 'Attributes', 
'instruction_text', 'instruction_attributes', 'MainImage'])
Example product 'name': Vhomes Lights Reclaimed Wood Console Table The Genessis Collection Sofa-Tables
Example product 'full_description': Solid, Reclaimed Fir Wood In Natural, Sun Bleached Finish With Light Antiquing Glaze.
127.0.0.1 - - [29/Mar/2026 23:47:34] "GET /mc_eval_4_0 HTTP/1.1" 200 -
Number of products loaded: 1000
Example product keys: dict_keys(['name', 'full_description', 'pricing', 'images', 'product_category', 'average_rating', 'small_description', 'customization_options', 
'asin', 'category', 'query', 'page', 'Title', 'Description', 'Reviews', 'Rating', 'BulletPoints', 'Price', 'options', 'option_to_image', 'Attributes', 
'instruction_text', 'instruction_attributes', 'MainImage'])
Example product 'name': Vhomes Lights Reclaimed Wood Console Table The Genessis Collection Sofa-Tables
Example product 'full_description': Solid, Reclaimed Fir Wood In Natural, Sun Bleached Finish With Light Antiquing Glaze.
127.0.0.1 - - [29/Mar/2026 23:47:34] "GET /mc_eval_4_0 HTTP/1.1" 200 -
Number of products loaded: 1000
Example product keys: dict_keys(['name', 'full_description', 'pricing', 'images', 'product_category', 'average_rating', 'small_description', 'customization_options', 
'asin', 'category', 'query', 'page', 'Title', 'Description', 'Reviews', 'Rating', 'BulletPoints', 'Price', 'options', 'option_to_image', 'Attributes', 
'instruction_text', 'instruction_attributes', 'MainImage'])
Example product 'name': Vhomes Lights Reclaimed Wood Console Table The Genessis Collection Sofa-Tables
Example product 'full_description': Solid, Reclaimed Fir Wood In Natural, Sun Bleached Finish With Light Antiquing Glaze.
127.0.0.1 - - [29/Mar/2026 23:47:34] "GET /mc_eval_4_0 HTTP/1.1" 200 -
Number of products loaded: 1000
Example product keys: dict_keys(['name', 'full_description', 'pricing', 'images', 'product_category', 'average_rating', 'small_description', 'customization_options', 
'asin', 'category', 'query', 'page', 'Title', 'Description', 'Reviews', 'Rating', 'BulletPoints', 'Price', 'options', 'option_to_image', 'Attributes', 
'instruction_text', 'instruction_attributes', 'MainImage'])
Example product 'name': Vhomes Lights Reclaimed Wood Console Table The Genessis Collection Sofa-Tables
Example product 'full_description': Solid, Reclaimed Fir Wood In Natural, Sun Bleached Finish With Light Antiquing Glaze.
127.0.0.1 - - [29/Mar/2026 23:47:35] "GET /mc_eval_4_0 HTTP/1.1" 200 -
Number of products loaded: 1000
Example product keys: dict_keys(['name', 'full_description', 'pricing', 'images', 'product_category', 'average_rating', 'small_description', 'customization_options', 
'asin', 'category', 'query', 'page', 'Title', 'Description', 'Reviews', 'Rating', 'BulletPoints', 'Price', 'options', 'option_to_image', 'Attributes', 
'instruction_text', 'instruction_attributes', 'MainImage'])
Example product 'name': Vhomes Lights Reclaimed Wood Console Table The Genessis Collection Sofa-Tables
Example product 'full_description': Solid, Reclaimed Fir Wood In Natural, Sun Bleached Finish With Light Antiquing Glaze.
127.0.0.1 - - [29/Mar/2026 23:47:35] "GET /mc_eval_4_0 HTTP/1.1" 200 -
Number of products loaded: 1000
Example product keys: dict_keys(['name', 'full_description', 'pricing', 'images', 'product_category', 'average_rating', 'small_description', 'customization_options', 
'asin', 'category', 'query', 'page', 'Title', 'Description', 'Reviews', 'Rating', 'BulletPoints', 'Price', 'options', 'option_to_image', 'Attributes', 
'instruction_text', 'instruction_attributes', 'MainImage'])
Example product 'name': Vhomes Lights Reclaimed Wood Console Table The Genessis Collection Sofa-Tables
Example product 'full_description': Solid, Reclaimed Fir Wood In Natural, Sun Bleached Finish With Light Antiquing Glaze.
127.0.0.1 - - [29/Mar/2026 23:47:35] "GET /mc_eval_4_0 HTTP/1.1" 200 -
Number of products loaded: 1000
Example product keys: dict_keys(['name', 'full_description', 'pricing', 'images', 'product_category', 'average_rating', 'small_description', 'customization_options', 
'asin', 'category', 'query', 'page', 'Title', 'Description', 'Reviews', 'Rating', 'BulletPoints', 'Price', 'options', 'option_to_image', 'Attributes', 
'instruction_text', 'instruction_attributes', 'MainImage'])
Example product 'name': Vhomes Lights Reclaimed Wood Console Table The Genessis Collection Sofa-Tables
Example product 'full_description': Solid, Reclaimed Fir Wood In Natural, Sun Bleached Finish With Light Antiquing Glaze.
127.0.0.1 - - [29/Mar/2026 23:47:36] "GET /mc_eval_4_0 HTTP/1.1" 200 -
Number of products loaded: 1000
Example product keys: dict_keys(['name', 'full_description', 'pricing', 'images', 'product_category', 'average_rating', 'small_description', 'customization_options', 
'asin', 'category', 'query', 'page', 'Title', 'Description', 'Reviews', 'Rating', 'BulletPoints', 'Price', 'options', 'option_to_image', 'Attributes', 
'instruction_text', 'instruction_attributes', 'MainImage'])
Example product 'name': Vhomes Lights Reclaimed Wood Console Table The Genessis Collection Sofa-Tables
Example product 'full_description': Solid, Reclaimed Fir Wood In Natural, Sun Bleached Finish With Light Antiquing Glaze.
127.0.0.1 - - [29/Mar/2026 23:47:36] "GET /mc_eval_4_0 HTTP/1.1" 200 -
Number of products loaded: 1000
Example product keys: dict_keys(['name', 'full_description', 'pricing', 'images', 'product_category', 'average_rating', 'small_description', 'customization_options', 
'asin', 'category', 'query', 'page', 'Title', 'Description', 'Reviews', 'Rating', 'BulletPoints', 'Price', 'options', 'option_to_image', 'Attributes', 
'instruction_text', 'instruction_attributes', 'MainImage'])
Example product 'name': Vhomes Lights Reclaimed Wood Console Table The Genessis Collection Sofa-Tables
Example product 'full_description': Solid, Reclaimed Fir Wood In Natural, Sun Bleached Finish With Light Antiquing Glaze.
127.0.0.1 - - [29/Mar/2026 23:47:37] "GET /mc_eval_4_0 HTTP/1.1" 200 -
Number of products loaded: 1000
Example product keys: dict_keys(['name', 'full_description', 'pricing', 'images', 'product_category', 'average_rating', 'small_description', 'customization_options', 
'asin', 'category', 'query', 'page', 'Title', 'Description', 'Reviews', 'Rating', 'BulletPoints', 'Price', 'options', 'option_to_image', 'Attributes', 
'instruction_text', 'instruction_attributes', 'MainImage'])
Example product 'name': Vhomes Lights Reclaimed Wood Console Table The Genessis Collection Sofa-Tables
Example product 'full_description': Solid, Reclaimed Fir Wood In Natural, Sun Bleached Finish With Light Antiquing Glaze.
127.0.0.1 - - [29/Mar/2026 23:47:37] "GET /mc_eval_4_0 HTTP/1.1" 200 -
Number of products loaded: 1000
Example product keys: dict_keys(['name', 'full_description', 'pricing', 'images', 'product_category', 'average_rating', 'small_description', 'customization_options', 
'asin', 'category', 'query', 'page', 'Title', 'Description', 'Reviews', 'Rating', 'BulletPoints', 'Price', 'options', 'option_to_image', 'Attributes', 
'instruction_text', 'instruction_attributes', 'MainImage'])
Example product 'name': Vhomes Lights Reclaimed Wood Console Table The Genessis Collection Sofa-Tables
Example product 'full_description': Solid, Reclaimed Fir Wood In Natural, Sun Bleached Finish With Light Antiquing Glaze.
127.0.0.1 - - [29/Mar/2026 23:47:37] "GET /mc_eval_4_0 HTTP/1.1" 200 -
Number of products loaded: 1000
Example product keys: dict_keys(['name', 'full_description', 'pricing', 'images', 'product_category', 'average_rating', 'small_description', 'customization_options', 
'asin', 'category', 'query', 'page', 'Title', 'Description', 'Reviews', 'Rating', 'BulletPoints', 'Price', 'options', 'option_to_image', 'Attributes', 
'instruction_text', 'instruction_attributes', 'MainImage'])
Example product 'name': Vhomes Lights Reclaimed Wood Console Table The Genessis Collection Sofa-Tables
Example product 'full_description': Solid, Reclaimed Fir Wood In Natural, Sun Bleached Finish With Light Antiquing Glaze.
127.0.0.1 - - [29/Mar/2026 23:47:37] "GET /mc_eval_4_0 HTTP/1.1" 200 -
Number of products loaded: 1000
Example product keys: dict_keys(['name', 'full_description', 'pricing', 'images', 'product_category', 'average_rating', 'small_description', 'customization_options', 
'asin', 'category', 'query', 'page', 'Title', 'Description', 'Reviews', 'Rating', 'BulletPoints', 'Price', 'options', 'option_to_image', 'Attributes', 
'instruction_text', 'instruction_attributes', 'MainImage'])
Example product 'name': Vhomes Lights Reclaimed Wood Console Table The Genessis Collection Sofa-Tables
Example product 'full_description': Solid, Reclaimed Fir Wood In Natural, Sun Bleached Finish With Light Antiquing Glaze.
127.0.0.1 - - [29/Mar/2026 23:47:38] "GET /mc_eval_4_0 HTTP/1.1" 200 -
Number of products loaded: 1000
Example product keys: dict_keys(['name', 'full_description', 'pricing', 'images', 'product_category', 'average_rating', 'small_description', 'customization_options', 
'asin', 'category', 'query', 'page', 'Title', 'Description', 'Reviews', 'Rating', 'BulletPoints', 'Price', 'options', 'option_to_image', 'Attributes', 
'instruction_text', 'instruction_attributes', 'MainImage'])
Example product 'name': Vhomes Lights Reclaimed Wood Console Table The Genessis Collection Sofa-Tables
Example product 'full_description': Solid, Reclaimed Fir Wood In Natural, Sun Bleached Finish With Light Antiquing Glaze.
127.0.0.1 - - [29/Mar/2026 23:47:38] "GET /mc_eval_4_0 HTTP/1.1" 200 -
Number of products loaded: 1000
Example product keys: dict_keys(['name', 'full_description', 'pricing', 'images', 'product_category', 'average_rating', 'small_description', 'customization_options', 
'asin', 'category', 'query', 'page', 'Title', 'Description', 'Reviews', 'Rating', 'BulletPoints', 'Price', 'options', 'option_to_image', 'Attributes', 
'instruction_text', 'instruction_attributes', 'MainImage'])
Example product 'name': Vhomes Lights Reclaimed Wood Console Table The Genessis Collection Sofa-Tables
Example product 'full_description': Solid, Reclaimed Fir Wood In Natural, Sun Bleached Finish With Light Antiquing Glaze.
127.0.0.1 - - [29/Mar/2026 23:47:38] "GET /mc_eval_4_0 HTTP/1.1" 200 -
Number of products loaded: 1000
Example product keys: dict_keys(['name', 'full_description', 'pricing', 'images', 'product_category', 'average_rating', 'small_description', 'customization_options', 
'asin', 'category', 'query', 'page', 'Title', 'Description', 'Reviews', 'Rating', 'BulletPoints', 'Price', 'options', 'option_to_image', 'Attributes', 
'instruction_text', 'instruction_attributes', 'MainImage'])
Example product 'name': Vhomes Lights Reclaimed Wood Console Table The Genessis Collection Sofa-Tables
Example product 'full_description': Solid, Reclaimed Fir Wood In Natural, Sun Bleached Finish With Light Antiquing Glaze.
127.0.0.1 - - [29/Mar/2026 23:47:38] "GET /mc_eval_4_0 HTTP/1.1" 200 -
Number of products loaded: 1000
Example product keys: dict_keys(['name', 'full_description', 'pricing', 'images', 'product_category', 'average_rating', 'small_description', 'customization_options', 
'asin', 'category', 'query', 'page', 'Title', 'Description', 'Reviews', 'Rating', 'BulletPoints', 'Price', 'options', 'option_to_image', 'Attributes', 
'instruction_text', 'instruction_attributes', 'MainImage'])
Example product 'name': Vhomes Lights Reclaimed Wood Console Table The Genessis Collection Sofa-Tables
Example product 'full_description': Solid, Reclaimed Fir Wood In Natural, Sun Bleached Finish With Light Antiquing Glaze.
127.0.0.1 - - [29/Mar/2026 23:47:38] "GET /mc_train_707_0 HTTP/1.1" 200 -
Number of products loaded: 1000
Example product keys: dict_keys(['name', 'full_description', 'pricing', 'images', 'product_category', 'average_rating', 'small_description', 'customization_options', 
'asin', 'category', 'query', 'page', 'Title', 'Description', 'Reviews', 'Rating', 'BulletPoints', 'Price', 'options', 'option_to_image', 'Attributes', 
'instruction_text', 'instruction_attributes', 'MainImage'])
Example product 'name': Vhomes Lights Reclaimed Wood Console Table The Genessis Collection Sofa-Tables
Example product 'full_description': Solid, Reclaimed Fir Wood In Natural, Sun Bleached Finish With Light Antiquing Glaze.
127.0.0.1 - - [29/Mar/2026 23:47:38] "GET /mc_train_707_0 HTTP/1.1" 200 -
Number of products loaded: 1000
Example product keys: dict_keys(['name', 'full_description', 'pricing', 'images', 'product_category', 'average_rating', 'small_description', 'customization_options', 
'asin', 'category', 'query', 'page', 'Title', 'Description', 'Reviews', 'Rating', 'BulletPoints', 'Price', 'options', 'option_to_image', 'Attributes', 
'instruction_text', 'instruction_attributes', 'MainImage'])
Example product 'name': Vhomes Lights Reclaimed Wood Console Table The Genessis Collection Sofa-Tables
Example product 'full_description': Solid, Reclaimed Fir Wood In Natural, Sun Bleached Finish With Light Antiquing Glaze.
127.0.0.1 - - [29/Mar/2026 23:47:39] "GET /mc_train_707_0 HTTP/1.1" 200 -
Number of products loaded: 1000
Example product keys: dict_keys(['name', 'full_description', 'pricing', 'images', 'product_category', 'average_rating', 'small_description', 'customization_options', 
'asin', 'category', 'query', 'page', 'Title', 'Description', 'Reviews', 'Rating', 'BulletPoints', 'Price', 'options', 'option_to_image', 'Attributes', 
'instruction_text', 'instruction_attributes', 'MainImage'])
Example product 'name': Vhomes Lights Reclaimed Wood Console Table The Genessis Collection Sofa-Tables
Example product 'full_description': Solid, Reclaimed Fir Wood In Natural, Sun Bleached Finish With Light Antiquing Glaze.
127.0.0.1 - - [29/Mar/2026 23:47:39] "GET /mc_train_707_0 HTTP/1.1" 200 -
Number of products loaded: 1000
Example product keys: dict_keys(['name', 'full_description', 'pricing', 'images', 'product_category', 'average_rating', 'small_description', 'customization_options', 
'asin', 'category', 'query', 'page', 'Title', 'Description', 'Reviews', 'Rating', 'BulletPoints', 'Price', 'options', 'option_to_image', 'Attributes', 
'instruction_text', 'instruction_attributes', 'MainImage'])
Example product 'name': Vhomes Lights Reclaimed Wood Console Table The Genessis Collection Sofa-Tables
Example product 'full_description': Solid, Reclaimed Fir Wood In Natural, Sun Bleached Finish With Light Antiquing Glaze.
127.0.0.1 - - [29/Mar/2026 23:47:39] "GET /mc_train_707_0 HTTP/1.1" 200 -
Number of products loaded: 1000
Example product keys: dict_keys(['name', 'full_description', 'pricing', 'images', 'product_category', 'average_rating', 'small_description', 'customization_options', 
'asin', 'category', 'query', 'page', 'Title', 'Description', 'Reviews', 'Rating', 'BulletPoints', 'Price', 'options', 'option_to_image', 'Attributes', 
'instruction_text', 'instruction_attributes', 'MainImage'])
Example product 'name': Vhomes Lights Reclaimed Wood Console Table The Genessis Collection Sofa-Tables
Example product 'full_description': Solid, Reclaimed Fir Wood In Natural, Sun Bleached Finish With Light Antiquing Glaze.
127.0.0.1 - - [29/Mar/2026 23:47:39] "GET /mc_train_707_0 HTTP/1.1" 200 -
Number of products loaded: 1000
Example product keys: dict_keys(['name', 'full_description', 'pricing', 'images', 'product_category', 'average_rating', 'small_description', 'customization_options', 
'asin', 'category', 'query', 'page', 'Title', 'Description', 'Reviews', 'Rating', 'BulletPoints', 'Price', 'options', 'option_to_image', 'Attributes', 
'instruction_text', 'instruction_attributes', 'MainImage'])
Example product 'name': Vhomes Lights Reclaimed Wood Console Table The Genessis Collection Sofa-Tables
Example product 'full_description': Solid, Reclaimed Fir Wood In Natural, Sun Bleached Finish With Light Antiquing Glaze.
127.0.0.1 - - [29/Mar/2026 23:47:39] "GET /mc_train_707_0 HTTP/1.1" 200 -
Number of products loaded: 1000
Example product keys: dict_keys(['name', 'full_description', 'pricing', 'images', 'product_category', 'average_rating', 'small_description', 'customization_options', 
'asin', 'category', 'query', 'page', 'Title', 'Description', 'Reviews', 'Rating', 'BulletPoints', 'Price', 'options', 'option_to_image', 'Attributes', 
'instruction_text', 'instruction_attributes', 'MainImage'])
Example product 'name': Vhomes Lights Reclaimed Wood Console Table The Genessis Collection Sofa-Tables
Example product 'full_description': Solid, Reclaimed Fir Wood In Natural, Sun Bleached Finish With Light Antiquing Glaze.
127.0.0.1 - - [29/Mar/2026 23:47:39] "GET /mc_train_707_0 HTTP/1.1" 200 -
Number of products loaded: 1000
Example product keys: dict_keys(['name', 'full_description', 'pricing', 'images', 'product_category', 'average_rating', 'small_description', 'customization_options', 
'asin', 'category', 'query', 'page', 'Title', 'Description', 'Reviews', 'Rating', 'BulletPoints', 'Price', 'options', 'option_to_image', 'Attributes', 
'instruction_text', 'instruction_attributes', 'MainImage'])
Example product 'name': Vhomes Lights Reclaimed Wood Console Table The Genessis Collection Sofa-Tables
Example product 'full_description': Solid, Reclaimed Fir Wood In Natural, Sun Bleached Finish With Light Antiquing Glaze.
127.0.0.1 - - [29/Mar/2026 23:47:39] "GET /mc_train_707_0 HTTP/1.1" 200 -
Number of products loaded: 1000
Example product keys: dict_keys(['name', 'full_description', 'pricing', 'images', 'product_category', 'average_rating', 'small_description', 'customization_options', 
'asin', 'category', 'query', 'page', 'Title', 'Description', 'Reviews', 'Rating', 'BulletPoints', 'Price', 'options', 'option_to_image', 'Attributes', 
'instruction_text', 'instruction_attributes', 'MainImage'])
Example product 'name': Vhomes Lights Reclaimed Wood Console Table The Genessis Collection Sofa-Tables
Example product 'full_description': Solid, Reclaimed Fir Wood In Natural, Sun Bleached Finish With Light Antiquing Glaze.
127.0.0.1 - - [29/Mar/2026 23:47:40] "GET /mc_train_707_0 HTTP/1.1" 200 -
Number of products loaded: 1000
Example product keys: dict_keys(['name', 'full_description', 'pricing', 'images', 'product_category', 'average_rating', 'small_description', 'customization_options', 
'asin', 'category', 'query', 'page', 'Title', 'Description', 'Reviews', 'Rating', 'BulletPoints', 'Price', 'options', 'option_to_image', 'Attributes', 
'instruction_text', 'instruction_attributes', 'MainImage'])
Example product 'name': Vhomes Lights Reclaimed Wood Console Table The Genessis Collection Sofa-Tables
Example product 'full_description': Solid, Reclaimed Fir Wood In Natural, Sun Bleached Finish With Light Antiquing Glaze.
127.0.0.1 - - [29/Mar/2026 23:47:40] "GET /mc_train_707_0 HTTP/1.1" 200 -
Number of products loaded: 1000
Example product keys: dict_keys(['name', 'full_description', 'pricing', 'images', 'product_category', 'average_rating', 'small_description', 'customization_options', 
'asin', 'category', 'query', 'page', 'Title', 'Description', 'Reviews', 'Rating', 'BulletPoints', 'Price', 'options', 'option_to_image', 'Attributes', 
'instruction_text', 'instruction_attributes', 'MainImage'])
Example product 'name': Vhomes Lights Reclaimed Wood Console Table The Genessis Collection Sofa-Tables
Example product 'full_description': Solid, Reclaimed Fir Wood In Natural, Sun Bleached Finish With Light Antiquing Glaze.
127.0.0.1 - - [29/Mar/2026 23:47:40] "GET /mc_train_707_0 HTTP/1.1" 200 -
Number of products loaded: 1000
Example product keys: dict_keys(['name', 'full_description', 'pricing', 'images', 'product_category', 'average_rating', 'small_description', 'customization_options', 
'asin', 'category', 'query', 'page', 'Title', 'Description', 'Reviews', 'Rating', 'BulletPoints', 'Price', 'options', 'option_to_image', 'Attributes', 
'instruction_text', 'instruction_attributes', 'MainImage'])
Example product 'name': Vhomes Lights Reclaimed Wood Console Table The Genessis Collection Sofa-Tables
Example product 'full_description': Solid, Reclaimed Fir Wood In Natural, Sun Bleached Finish With Light Antiquing Glaze.
127.0.0.1 - - [29/Mar/2026 23:47:40] "GET /mc_train_707_0 HTTP/1.1" 200 -
Number of products loaded: 1000
Example product keys: dict_keys(['name', 'full_description', 'pricing', 'images', 'product_category', 'average_rating', 'small_description', 'customization_options', 
'asin', 'category', 'query', 'page', 'Title', 'Description', 'Reviews', 'Rating', 'BulletPoints', 'Price', 'options', 'option_to_image', 'Attributes', 
'instruction_text', 'instruction_attributes', 'MainImage'])
Example product 'name': Vhomes Lights Reclaimed Wood Console Table The Genessis Collection Sofa-Tables
Example product 'full_description': Solid, Reclaimed Fir Wood In Natural, Sun Bleached Finish With Light Antiquing Glaze.
127.0.0.1 - - [29/Mar/2026 23:47:40] "GET /mc_train_707_0 HTTP/1.1" 200 -
Number of products loaded: 1000
Example product keys: dict_keys(['name', 'full_description', 'pricing', 'images', 'product_category', 'average_rating', 'small_description', 'customization_options', 
'asin', 'category', 'query', 'page', 'Title', 'Description', 'Reviews', 'Rating', 'BulletPoints', 'Price', 'options', 'option_to_image', 'Attributes', 
'instruction_text', 'instruction_attributes', 'MainImage'])
Example product 'name': Vhomes Lights Reclaimed Wood Console Table The Genessis Collection Sofa-Tables
Example product 'full_description': Solid, Reclaimed Fir Wood In Natural, Sun Bleached Finish With Light Antiquing Glaze.
127.0.0.1 - - [29/Mar/2026 23:47:40] "GET /mc_train_707_0 HTTP/1.1" 200 -
Number of products loaded: 1000
Example product keys: dict_keys(['name', 'full_description', 'pricing', 'images', 'product_category', 'average_rating', 'small_description', 'customization_options', 
'asin', 'category', 'query', 'page', 'Title', 'Description', 'Reviews', 'Rating', 'BulletPoints', 'Price', 'options', 'option_to_image', 'Attributes', 
'instruction_text', 'instruction_attributes', 'MainImage'])
Example product 'name': Vhomes Lights Reclaimed Wood Console Table The Genessis Collection Sofa-Tables
Example product 'full_description': Solid, Reclaimed Fir Wood In Natural, Sun Bleached Finish With Light Antiquing Glaze.
127.0.0.1 - - [29/Mar/2026 23:47:40] "GET /mc_train_707_0 HTTP/1.1" 200 -
